Circuit,WindSustained,GustSustained,Thresholds,FPI,Reasons,Month,pspsActivated
SONOMA,5.53,5.22,27.51/39.42,2.95,,DEC,0
ANTON,1.33,6.06,31/46,3.23,,OCT,0
SONOMA,21.0,39.5,27.51/39.42,12.94,Exceeded Threshold - Exceeded FPI,DEC,1
PICK,1.83,5.17,31/46,2.62,,NOV,0
Kuehner,19.6,45.5,31/46,12.91,High Wind Trend - Exceeded FPI,DEC,1
CONDOR,1.48,6.12,31/46,3.71,,NOV,0
LOUCKS,5.84,5.24,31/46,4.0,,NOV,0
CALGROVE,29.5,45.7,31/46,12.7,High Wind Trend - Exceeded FPI,OCT,1
GUITAR,0.79,5.97,31/46,6.41,,OCT,0
High Wind Trend SKI HI,21.5,40.4,31/46,12.53,Exceeded FPI,NOV,1
LOCKNER,19.4,45.2,31/45,12.97,Exceeded Threshold - Exceeded FPI,DEC,1
SHOVEL,4.46,5.76,31/46,0.4,,SEP,0
NAPA,28.6,40.9,28/39,12.0,Exceeded Threshold - Exceeded FPI,NOV,1
DYSART,2.7,2.91,31/46,2.85,,NOV,0
TUFA,0.96,1.44,31/46,6.17,,NOV,0
TAPO,28.2,46.3,31/46,13.03,Exceeded Threshold - Exceeded FPI,NOV,1
CUTHBERT,27.9,47.5,31/46,12.0,Exceeded Threshold - Exceeded FPI,NOV,1
MORELLO,21.5,40.1,31/45,13.05,High Wind Trend - Exceeded FPI,NOV,1
TUFA,26.0,38.0,31/46,13.06,High Wind Trend - Exceeded FPI,NOV,1
LARCH,41.2,56.3,31/46,12.5,Exceeded Threshold - Exceeded FPI,OCT,1
NORTHPARK,0.5,5.69,31/46,4.86,,NOV,0
BOOTLEGGER,,47.86,31 / 46,14.15,Exceeded Threshold - High Wind Trend - Exceeded FPI,OCT,1
RUSTIC,2.58,7.33,31/46,4.99,,NOV,0
THACHER,0.13,2.17,29/46,6.1,,DEC,0
LOPEZ,9.2,40.8,31/46,14.06,High Wind Trend - Exceeded FPI,NOV,1
PHEASANT,3.45,5.87,31/45,4.08,,NOV,0
GUITAR,21.18,34.27,31/46,12.07,High Wind Trend - Exceeded FPI,NOV,1
ECHO,4.7,2.62,31/46,6.44,,OCT,0
EASTER,5.18,3.41,29/41,3.95,,NOV,0
JONAGOLD,14.6,42.2,28/39,12.0,Exceeded Threshold - Exceeded FPI,DEC,1
BIG ROCK,0.48,6.51,31/46,0.37,,DEC,0
RUSTIC,13.3,59.55,31 / 46,12.49,Exceeded Threshold - High Wind Trend - Exceeded FPI,OCT,1
CAESAR,29.0,49.0,31/45.8,12.0,Exceeded Threshold - Exceeded FPI,OCT,1
SHOVEL,30.0,46.3,31/46,13.8,Exceeded Threshold - Exceeded FPI,DEC,1
CASTRO,31.1,46.0,30/46,13.9,Exceeded Threshold - Exceeded FPI,DEC,1
PATRICIA,23.9,45.1,31/46,12.0,High Wind Trend - Exceeded FPI,DEC,1
GNATCATCHER,26.1,35.3,31/46,13.53,Exceeded Threshold - Exceeded FPI,DEC,1
FINGAL,23.8,42.6,31/46,12.09,High Wind Trend - Exceeded FPI,DEC,1
ESTABAN,5.95,7.99,31/45,5.61,,OCT,0
BUCKNER,1.79,7.25,31/45,3.74,,OCT,0
DUKE,30.8,44.6,30/46,12.0,Exceeded Threshold - Exceeded FPI,DEC,1
ENERGY,31.4,45.7,31/46,12.5,Exceeded Threshold - Exceeded FPI,OCT,1
OAK KNOLL,2.37,4.12,31/46,6.92,,NOV,0
LARCH,38.0,54.0,31/46,12.43,Exceeded Threshold - Exceeded FPI,OCT,1
TUFA,4.95,4.82,31/46,1.92,,DEC,0
RUSTIC,26.72,37.85,31/46,12.86,High Wind Trend - Exceeded FPI,NOV,1
JULIUS,5.54,7.4,31/46,6.3,,DEC,0
FLYING D,1.04,0.3,31/46,2.06,,DEC,0
RUSTIC,0.69,3.26,31/46,2.54,,OCT,0
JONAGOLD,0.3,6.19,28/39,2.6,,OCT,0
BIG ROCK,3.82,7.17,31/46,0.49,,NOV,0
TRAILKIMDALE,0.63,3.98,31/45,5.71,,OCT,0
STEEL,23.7,45.1,30/43,12.94,Exceeded Threshold - Exceeded FPI,DEC,1
ENERGY,32.0,46.3,31/46,13.0,Exceeded Threshold - Exceeded FPI,DEC,1
SAND CANYON,25.5,48.1,31/46,13.9,Exceeded Threshold - Exceeded FPI,DEC,1
ESTABAN,18.2,40.6,31/45,12.95,High Wind Trend - Exceeded FPI,DEC,1
KINSEY,4.21,6.27,31/46,4.29,,OCT,0
VIENTO,23.0,41.0,31/46,13.1,High Wind Trend - Exceeded FPI,NOV,1
MODJESKA,27.0,48.2,30/44,13.0,Exceeded Threshold - Exceeded FPI,NOV,1
BOOTLEGGER,4.76,5.07,31/46,1.8,,OCT,0
BALCOM,3.21,6.59,31/46,6.01,,DEC,0
LOPEZ,23.8,45.1,31/46,13.5,High Wind Trend - Exceeded FPI,OCT,1
GUITAR,3.94,6.08,31/46,1.77,,OCT,0
CHAWA,30.9,44.9,31/46,12.0,High Wind Trend - Exceeded FPI,OCT,1
STUBBY,5.5,7.68,31/46,0.34,,DEC,0
COLLINS,2.15,3.86,31/43,0.91,,NOV,0
LOUCKS,2.57,0.17,31/46,5.53,,NOV,0
TAPO,5.95,0.12,31/46,5.87,,NOV,0
LOCKNER,0.2,4.71,31/45,0.31,,DEC,0
ENERGY,32.0,46.3,31/46,13.0,Exceeded Threshold - Exceeded FPI,DEC,1
CHAWA,0.6,5.73,31/46,0.54,,DEC,0
CASTRO,0.29,4.33,30/46,4.83,,NOV,0
GILLIBRAND,15.8,41.5,31/46,12.0,High Wind Trend - Exceeded FPI,NOV,1
High Wind Trend TUFA,27.51,37.7,31/46,12.27,Exceeded FPI,NOV,1
POWER,27.4,58.7,31/46,8.97,Exceeded Threshold,NOV,1
HILLFIELD,0.95,6.79,31/46,5.07,,DEC,0
HILLFIELD,2.3,5.57,31/46,4.91,,DEC,0
CALSTATE,2.98,0.73,31/46,2.16,,OCT,0
DONLON,3.79,7.66,31/46,3.36,,OCT,0
POWER,4.9,0.88,31/46,1.18,,NOV,0
FORTUNE,3.91,3.49,31/45,1.33,,DEC,0
BOUQUET,31.6,50.1,31/46,12.8,Exceeded Threshold - Exceeded FPI,OCT,1
LOPEZ,5.61,2.85,31/46,4.73,,NOV,0
CALSTATE,42.62,65.25,31/46,13.95,High Wind Trend - Exceeded FPI,NOV,1
RMV 1243,26.0,55.0,31/46,12.0,Exceeded Threshold - Exceeded FPI,NOV,1
CASTRO,5.32,2.49,30/46,6.3,,DEC,0
SAND CANYON,26.0,50.9,31/46,12.98,Exceeded Threshold - Exceeded FPI,DEC,1
NAPOLEON,29.8,45.1,31/45,12.0,Exceeded Threshold - Exceeded FPI,OCT,1
VERA CRUZ,33.6,52.4,28.04 /42,,Exceeded Threshold - High Wind Trend - Exceeded FPI,OCT,1
CALGROVE,31.6,43.6,31/46,12.0,Exceeded Threshold - Exceeded FPI,OCT,1
ANTON,3.04,5.22,31/46,3.67,,OCT,0
LOUCKS,25.2,37.3,31/46,13.54,High Wind Trend - Exceeded FPI,DEC,1
CUTHBERT,32.6,46.3,31/46,12.5,Exceeded Threshold - Exceeded FPI,OCT,1
PHEASANT,1.2,0.42,31/45,3.5,,DEC,0
TAIWAN,1.85,3.13,31/46,1.99,,NOV,0
TANAGER,5.51,3.03,31/44,3.68,,NOV,0
ESCONDIDO,3.03,5.4,31/46,0.12,,OCT,0
ERRINGER,28.7,54.6,31/45,12.5,Exceeded Threshold - Exceeded FPI,OCT,1
PICK,21.3,43.6,31/46,12.11,High Wind Trend - Exceeded FPI,NOV,1
BIG ROCK,29.17,41.94,31/46,12.45,High Wind Trend - Exceeded FPI,OCT,1
CAESAR,4.17,3.41,31/45.8,6.82,,OCT,0
GILLIBRAND,15.7,42.7,31/46,12.91,High Wind Trend - Exceeded FPI,DEC,1
Exceeded Threshold STROSNIDER,33.9,51.5,31/46,12.53,Exceeded FPI,NOV,1
NORTHPARK,4.06,7.67,31/46,6.38,,DEC,0
STEEL,7.9,28.8,30/43,13.0,High Wind Trend - Exceeded FPI,NOV,1
VETERANS,16.5,45.7,31/46,14.4,High Wind Trend - Exceeded FPI,DEC,1
CUDDEBACK,5.92,7.45,23/37,6.93,,NOV,0
High Wind Trend SKI HI,26.7,41.1,31/46,12.53,Exceeded FPI,NOV,1
BIG ROCK,3.02,6.58,31/46,1.03,,OCT,0
ANTON,15.7,46.1,31/46,14.03,Exceeded Threshold - Exceeded FPI,NOV,1
STRATHERN,3.64,7.08,31/46,3.98,,DEC,0
NAPA,1.18,5.03,28/39,5.38,,NOV,0
CABANA,3.24,6.88,31/46,3.08,,OCT,0
GUNSITE,28.3,42.0,31/46,13.14,High Wind Trend - Exceeded FPI,NOV,1
LYONS,4.94,7.02,31/46,1.13,,OCT,0
STEEL,1.17,1.53,30/43,3.47,,DEC,0
BLACKHILLS,32.1,47.1,31/46,12.5,Exceeded Threshold - Exceeded FPI,OCT,1
SWEETWATER,4.15,6.14,31/46,1.21,,OCT,0
SOGGY,26.4,40.6,28/40,12.0,Exceeded Threshold - Exceeded FPI,DEC,1
ENERGY,25.8,48.1,31/46,12.5,Exceeded Threshold - Exceeded FPI,OCT,1
PYTHON,0.9,5.2,31/46,3.41,,OCT,0
ROSA,4.71,7.72,31/46,5.92,,OCT,0
ATENTO,1.68,0.36,31/46,3.1,,DEC,0
VERDEMONT,40.55,73.65,31 / 46,12.57,Exceeded Threshold - High Wind Trend - Exceeded FPI,OCT,1
ENCHANTED,3.14,0.84,31/46,2.64,,DEC,0
MIDDLE ROAD,1.02,3.4,26/42,1.98,,NOV,0
STORES,5.34,3.74,31/46,4.64,,DEC,0
CHAWA,5.62,6.19,31/46,6.81,,OCT,0
LYONS,20.4,39.5,31/46,12.6,High Wind Trend - Exceeded FPI,OCT,1
SNOW VALLEY,1.77,3.91,31/46,3.15,,DEC,0
DAVENPORT,4.83,6.69,31/46,1.18,,NOV,0
COVENTRY,0.77,4.66,31/46,3.23,,OCT,0
ROBINSON CREEK,5.01,4.58,31/46,2.63,,NOV,0
CASSIDY,4.89,3.74,31/46,4.14,,DEC,0
RACER,38.2,49.4,31/46,12.09,Exceeded Threshold - Exceeded FPI,NOV,1
LOPEZ,3.65,1.36,31/46,2.12,,NOV,0
SAVORY,4.68,6.58,29/42,1.76,,DEC,0
CAMP BALDY,3.99,0.94,31/46,5.45,,DEC,0
DUKE,2.85,7.51,30/46,3.86,,NOV,0
SUTT,25.4,39.5,31/46,,High Wind Trend - Meteorologist Advised,OCT,1
RAINBOW,4.86,3.47,31/46,3.67,,DEC,0
LOUCKS,4.59,6.76,31/46,6.07,,DEC,0
EASTER,32.0,53.9,29/41,12.0,Exceeded Threshold - Exceeded FPI,OCT,1
RAINBOW,1.95,5.97,31/46,4.6,,OCT,0
AMETHYST,0.21,4.6,31/46,0.28,,OCT,0
HILLFIELD,36.6,51.7,31/46,12.0,Exceeded Threshold - Exceeded FPI,DEC,1
SHERWOOD,28.7,47.4,31/46,12.6,Source Circuit De-Energized: Coventry,OCT,1
SANTORINI,0.87,1.95,31/42,6.98,,DEC,0
TIMBER CANYON,23.4,43.3,31/46,14.03,High Wind Trend - Exceeded FPI,NOV,1
DE MILLE,2.68,3.6,31/46,1.82,,DEC,0
SHOVEL,1.65,3.69,25/40,3.69,,OCT,0
FINGAL,26.8,53.1,31/46,12.17,Exceeded Threshold - Exceeded FPI,NOV,1
RUSTIC,28.1,44.9,31/46,12.89,High Wind Trend - Exceeded FPI,NOV,1
RUSTIC,4.37,4.84,31/46,1.82,,NOV,0
ATENTO,30.5,46.3,31/46,13.9,Exceeded Threshold - Exceeded FPI,DEC,1
BLUE CUT,1.36,5.02,31/46,0.91,,NOV,0
METTLER,20.3,33.3,23/37,12.0,High Wind Trend - Exceeded FPI,DEC,1
GUITAR,27.35,44.35,31/46,12.65,High Wind Trend - Exceeded FPI,OCT,1
ANTON,5.2,4.91,31/46,2.86,,OCT,0
ENERGY,5.37,6.93,31/46,5.97,,DEC,0
CALSTATE,4.81,6.32,31/46,0.45,,OCT,0
CASTRO,28.7,41.1,30/46,12.99,High Wind Trend - Exceeded FPI,DEC,1
RED BOX,0.4,7.46,31/45,2.9,,OCT,0
METTLER,4.27,6.55,23/37,3.83,,OCT,0
CABANA,29.9,49.3,31/46,12.4,Exceeded Threshold - Exceeded FPI,OCT,1
HONEYCRISP,28.9,42.5,29/42,12.0,Exceeded Threshold - Exceeded FPI,OCT,1
VERA CRUZ,27.8,36.5,28/42,13.9,High Wind Trend - Exceeded FPI,DEC,1
FERRARA,3.28,1.56,31/46,3.72,,DEC,0
OAK KNOLL,26.9,54.7,31/46,12.19,Exceeded Threshold - Exceeded FPI,NOV,1
SAND CANYON,33.36,49.98,31/46,13.0,Exceeded Threshold - Exceeded FPI,DEC,1
SAND CANYON,0.85,4.47,31/46,2.89,,OCT,0
RAINBOW,32.2,46.4,31/46,13.8,Exceeded Threshold - Exceeded FPI,DEC,1
CORSAIR,20.7,39.6,30/42,14.53,High Wind Trend - Exceeded FPI,NOV,1
MODJESKA,23.84,54.24,30 / 44,12.49,Exceeded Threshold - High Wind Trend - Exceeded FPI,OCT,1
BOOTLEGGER,28.39,43.18,31 / 46,14.15,High Wind Trend,OCT,1
FROZEN,26.0,35.0,31/46,12.03,High Wind Trend - Exceeded FPI,NOV,1
FROZEN,32.0,42.0,31/46,12.0,Exceeded Threshold - Exceeded FPI,DEC,1
FINGAL,4.87,6.46,31/46,4.74,,NOV,0
ANACONDA,23.8,42.2,31/42,13.47,Exceeded Threshold - Exceeded FPI,DEC,1
NAPOLEON,3.83,1.29,31/45,6.81,,NOV,0
AMETHYST,19.7,55.8,31/46,12.97,Exceeded Threshold - Exceeded FPI,NOV,1
CUTHBERT,1.03,2.86,31/46,3.7,,OCT,0
ENERGY,2.54,5.18,31/46,6.52,,OCT,0
CONDOR,26.1,35.3,31/46,13.51,Exceeded Threshold - Exceeded FPI,DEC,1
ANTON,26.4,42.7,31/46,12.97,High Wind Trend - Exceeded FPI,DEC,1
ECHO,29.7,44.4,31/46,13.0,High Wind Trend - Exceeded FPI,DEC,1
STORES,4.57,7.79,31/46,6.07,,NOV,0
DAVENPORT,2.24,7.82,31/46,6.59,,NOV,0
VERA CRUZ,3.31,7.37,28/42,1.09,,DEC,0
RAINBOW,0.36,4.99,31/46,3.17,,NOV,0
ESCONDIDO,31.6,50.1,31/46,12.8,Source Circuit De-energized: DAVENPORT,OCT,1
CONDOR,2.21,7.31,31/46,3.7,,DEC,0
ARLENE,4.42,0.27,31/46,4.64,,DEC,0
ANGUS,4.11,1.76,31/46,0.38,,OCT,0
BONNEVILLE,19.1,37.9,28/40,12.0,High Wind Trend - Exceeded FPI,NOV,1
BOOTLEGGER,16.0,41.0,31/46,13.98,Exceeded Threshold - Exceeded FPI,SEP,1
STEARNS,1.22,0.87,31/46,4.32,,DEC,0
METTLER,23.0,32.7,23/37,12.15,Exceeded Threshold - Exceeded FPI,NOV,1
JONAGOLD,28.6,45.4,28/39,12.0,Exceeded Threshold - Exceeded FPI,OCT,1
BLACKHILLS,31.0,42.89,31/46,12.8,Exceeded Threshold - Exceeded FPI,OCT,1
DELUZ,3.0,0.22,27/44,5.67,,NOV,0
STEEL,24.5,42.2,30/43,13.0,Exceeded FPI,NOV,1
CONDOR,1.13,1.39,31/46,0.11,,NOV,0
GUITAR,29.1,43.3,31/46,12.7,High Wind Trend - Exceeded FPI,OCT,1
PICK,18.8,47.4,31/46,12.09,Exceeded Threshold - Exceeded FPI,NOV,1
ANTON,3.03,5.53,31/46,2.43,,DEC,0
JULIUS,29.8,43.7,31/46,12.0,High Wind Trend - Exceeded FPI,OCT,1
STUBBY,25.9,41.9,31/46,13.03,High Wind Trend - Exceeded FPI,NOV,1
GILMAN,3.07,7.92,31/45,5.65,,DEC,0
ENERGY,4.54,0.31,31/46,5.33,,NOV,0
CALSTATE,3.48,1.8,31/46,4.7,,OCT,0
SUTT,1.71,4.84,31/46,1.37,,OCT,0
STEEL,24.3,46.9,30/43,12.9,Exceeded Threshold - Exceeded FPI,DEC,1
BIRCHIM,3.39,0.76,31/46,4.14,,NOV,0
BADGER,36.7,53.9,31/46,12.5,Exceeded Threshold - Exceeded FPI,OCT,1
AMBERCREST,3.95,7.75,31/44,0.87,,OCT,0
FLAKE,2.11,2.81,28/36,2.5,,NOV,0
TWIN LAKES,35.5,46.7,31/45,12.2,Exceeded Threshold - Exceeded FPI,OCT,1
MARCUS,36.0,50.5,31/46,13.9,Exceeded Threshold - Exceeded FPI,DEC,1
SAND CANYON,30.3,39.0,31/46,13.9,High Wind Trend - Exceeded FPI,DEC,1
SAND CANYON,5.2,0.59,31/46,1.2,,DEC,0
ACOSTA,23.4,46.1,31/46,13.8,Exceeded Threshold - Exceeded FPI,OCT,1
DE MILLE,2.96,4.37,31/46,4.71,,OCT,0
DONLON,0.56,2.41,31/46,2.65,,OCT,0
CORSAIR,4.11,3.79,30/42,4.06,,DEC,0
NAPOLEON,21.5,40.1,31/45,14.04,High Wind Trend - Exceeded FPI,NOV,1
DONLON,1.49,4.44,31/46,0.27,,OCT,0
SCHMIDT,28.6,45.4,31/44,12.0,Exceeded Threshold - Exceeded FPI,OCT,1
GINGER,20.3,32.2,28/40,12.02,High Wind Trend - Exceeded FPI,NOV,1
ANTON,31.0,51.0,31/46,12.99,Exceeded Threshold - High Wind Trend - Exceeded FPI,OCT,1
COBRA,26.7,40.5,31/42,12.6,High Wind Trend - Exceeded FPI,OCT,1
IMPALA,2.84,0.88,31/46,5.54,,NOV,0
ECHO,2.43,1.91,31/46,2.91,,OCT,0
ACOSTA,32.2,57.1,31/46,13.95,Exceeded Threshold - Exceeded FPI,NOV,1
LAUDA,22.9,38.7,31/45,13.02,High Wind Trend - Exceeded FPI,NOV,1
SAND CANYON,22.4,47.1,31/46,12.7,Exceeded Threshold - Exceeded FPI,OCT,1
SAND CANYON,22.1,44.5,31/46,12.11,High Wind Trend - Exceeded FPI,NOV,1
HONEYCRISP,0.51,3.08,24/42,6.65,,NOV,0
STRATHERN,5.59,4.37,31/46,6.55,,OCT,0
DARTMOUTH,24.5,48.4,31/45,12.0,Exceeded Threshold - Exceeded FPI,OCT,1
CANYON-,2.09,2.86,40/50,3.28,,NOV,0
CANYON-,25.7,36.83,40/50,13.96,High Wind Trend - Exceeded FPI,NOV,1
ENERGY,29.46,41.87,31/46,12.1,High Wind Trend - Exceeded FPI,NOV,1
ZONE,23.6,44.1,31/46,13.01,High Wind Trend - Exceeded FPI,NOV,1
TIMBER CANYON,26.6,45.7,31/46,12.5,High Wind Trend - Exceeded FPI,OCT,1
GNATCATCHER,24.7,41.7,31/46,13.53,High Wind Trend - Exceeded FPI,NOV,1
IMPALA,25.7,36.83,31/46,12.95,High Wind Trend - Exceeded FPI,NOV,1
VERDEMONT,2.35,1.2,31/46,4.7,,OCT,0
TAHQUITZ,3.94,6.69,31/46,6.72,,OCT,0
BING,1.93,7.25,31/45,0.51,,OCT,0
RED BOX,5.3,4.56,31/46,2.48,,SEP,0
NORTHPARK,32.5,49.0,31/46,12.71,Exceeded Threshold - Exceeded FPI,OCT,1
DAVENPORT,3.15,7.89,31/46,4.03,,NOV,0
SUTT,14.0,47.79,31 / 46,12.57,Exceeded Threshold - High Wind Trend - Exceeded FPI,OCT,1
ANTON,3.6,0.94,31/46,5.08,,NOV,0
VARGAS,1.69,7.96,31/46,5.59,,OCT,0
WHITECLIFF,2.09,0.0,31/46,1.12,,OCT,0
STORES,26.5,46.4,31/46,13.55,Exceeded Threshold - Exceeded FPI,NOV,1
OLIVER,3.1,2.87,29/42,1.39,,NOV,0
ARLENE,39.7,51.0,31/46,12.09,Exceeded Threshold - Exceeded FPI,NOV,1
VETERANS,5.84,2.17,31/46,3.0,,NOV,0
ANTON,5.14,2.32,31/46,5.55,,DEC,0
ESTABAN,21.7,42.1,31/45,13.97,High Wind Trend - Exceeded FPI,NOV,1
CARMELITA,29.0,59.0,31/46,13.7,Exceeded Threshold - Exceeded FPI,OCT,1
MODJESKA,5.31,0.79,30/44,0.86,,OCT,0
MACIEL,38.6,78.2,27.59 /42.17,,Exceeded Threshold - High Wind Trend - Exceeded FPI,OCT,1
SANTORINI,17.5,42.6,31/42,12.88,Exceeded Threshold - Exceeded FPI,DEC,1
CAMP BALDY,4.25,1.53,31/46,6.78,,NOV,0
ECHO,24.4,44.4,31/46,14.36,High Wind Trend - Exceeded FPI,DEC,1
CASSIDY,26.2,49.9,31/46,12.0,Exceeded Threshold - Exceeded FPI,DEC,1
ZENDA,4.41,7.66,31/46,5.64,,DEC,0
CANEBRAKE,1.06,3.49,31/46,0.37,,OCT,0
ATENTO,5.62,0.97,31/46,3.01,,NOV,0
PICK,19.91,44.57,31/46,12.82,High Wind Trend - Exceeded FPI,OCT,1
SUTT,0.89,2.41,31/46,3.51,,DEC,0
ARLENE,33.79,53.63,31/46,12.07,High Wind Trend - Exceeded FPI,NOV,1
SAVORY,23.5,37.9,29/42,13.97,High Wind Trend - Exceeded FPI,NOV,1
GALENA,33.0,43.0,31 / 46,14.0,Exceeded Threshold - High Wind Trend - Exceeded FPI,OCT,1
ENERGY,49.1,64.8,31/45,12.4,Exceeded Threshold - Exceeded FPI,OCT,1
STAGHORN,29.9,49.3,31/46,12.0,Exceeded Threshold - Exceeded FPI,OCT,1
FINGAL,0.21,1.88,31/46,1.97,,DEC,0
RACER,4.58,4.19,31/46,6.08,,DEC,0
LOUCKS,23.6,36.9,31/46,12.8,Source Circuit De-Energized: Shovel,OCT,1
RANKIN,5.81,6.99,31/46,4.03,,DEC,0
COBRA,4.1,6.66,31/42,5.08,,DEC,0
NORTHPARK,12.0,43.1,31/46,12.9,High Wind Trend - Exceeded FPI,NOV,1
NAPOLEON,5.33,7.6,31/45,5.69,,DEC,0
HAMPSHIRE,3.19,1.48,31/45,2.24,,OCT,0
ENERGY,24.5,40.7,31/46,12.99,High Wind Trend - Exceeded FPI,DEC,1
SWEETWATER,36.23,62.25,31 / 46,12.57,Exceeded Threshold - High Wind Trend - Exceeded FPI,OCT,1
CALSTATE,37.0,55.2,31/46,13.53,Exceeded Threshold - Exceeded FPI,OCT,1
EASTER,4.19,0.46,29/41,5.98,,OCT,0
HORSE,27.0,50.8,31/46,12.0,Exceeded Threshold - Exceeded FPI,DEC,1
IMPALA,40.1,57.9,31/46,12.9,Exceeded Threshold - Exceeded FPI,NOV,1
FORTUNE,20.2,41.5,31/45,12.97,High Wind Trend - Exceeded FPI,DEC,1
ATENTO,3.6,1.3,31/46,0.49,,NOV,0
SAND CANYON,4.65,5.49,31/46,2.84,,OCT,0
SUTT,29.7,44.4,31/46,13.0,High Wind Trend - Exceeded FPI,DEC,1
CASTRO,19.9,42.8,30/46,12.99,High Wind Trend - Exceeded FPI,DEC,1
SHOVEL,23.4,39.9,25/40,12.11,High Wind Trend - Exceeded FPI,NOV,1
VARGAS,4.05,4.41,31/46,5.28,,NOV,0
ANTON,35.0,53.0,31/46,13.88,Exceeded Threshold - Exceeded FPI,SEP,1
BONNEVILLE,11.1,36.0,28/40,12.0,High Wind Trend - Exceeded FPI,NOV,1
ZONE,23.6,44.1,31/46,13.01,High Wind Trend - Exceeded FPI,NOV,1
GNATCATCHER,29.0,44.21,31/46,13.1,High Wind Trend - Exceeded FPI,OCT,1
ZONE,0.7,2.99,31/46,2.47,,NOV,0
NAPOLEON,4.55,2.26,31/45,1.83,,DEC,0
CALSTATE,0.49,5.05,31/46,2.44,,NOV,0
ENERGY,20.3,48.1,31/46,13.04,Exceeded Threshold - Exceeded FPI,NOV,1
HILLFIELD,36.64,54.24,31 / 46,12.58,Exceeded Threshold - High Wind Trend - Exceeded FPI,OCT,1
BEAR VALLEY,3.59,0.35,18/29,5.19,,OCT,0
CANAL,3.28,1.68,27/44,6.33,,DEC,0
SOGGY,0.33,7.45,28/40,2.72,,DEC,0
GILLIBRAND,4.64,7.54,31/46,6.52,,NOV,0
PASCAL,29.9,40.0,31/44,12.81,High Wind Trend - Exceeded FPI,DEC,1
CALSTATE,39.7,50.6,31/46,12.79,Exceeded Threshold - Exceeded FPI,DEC,1
BING,24.3,44.4,31/45,14.04,High Wind Trend - Exceeded FPI,NOV,1
ATENTO,,44.0,31 / 46,12.5,High Wind Trend - Exceeded FPI,OCT,1
RAINBOW,28.1,38.0,31/46,12.5,High Wind Trend - Exceeded FPI,OCT,1
RANIER,21.9,41.1,31/45,13.05,High Wind Trend - Exceeded FPI,NOV,1
GREAT SALT,0.69,5.15,29/42,0.1,,NOV,0
DARTMOUTH,3.7,8.0,31/45,1.78,,DEC,0
LOUCKS,2.17,1.43,31/46,4.05,,OCT,0
ATENTO,23.99,42.89,31/46,12.93,High Wind Trend - Exceeded FPI,NOV,1
CONDOR,22.8,44.4,31/46,13.1,High Wind Trend - Exceeded FPI,OCT,1
PYTHON,25.9,41.72,31/46,12.63,High Wind Trend - Exceeded FPI,OCT,1
STUBBY,5.83,5.42,31/46,0.52,,NOV,0
REVERSE PEAK,2.44,5.63,31/46,0.97,,NOV,0
RANKIN,27.3,45.0,31/46,13.53,High Wind Trend - Exceeded FPI,DEC,1
ANTON,5.21,0.34,31/46,6.01,,OCT,0
GUITAR,4.43,2.65,31/46,3.35,,DEC,0
SAND CANYON,35.0,49.0,31/46,12.7,Exceeded Threshold - Exceeded FPI,OCT,1
HONEYCRISP,22.4,38.9,24/42,12.04,High Wind Trend - Exceeded FPI,NOV,1
CLUB OAKS,3.42,5.25,31/46,5.35,,OCT,0
GREEN RIVER,35.2,61.2,30.55 /39.5,,Exceeded Threshold - High Wind Trend - Exceeded FPI,OCT,1
DAVENPORT,26.4,43.4,31/46,12.11,High Wind Trend - Exceeded FPI,NOV,1
FINGAL,26.8,53.1,31/46,12.17,Exceeded Threshold - Exceeded FPI,NOV,1
DYSART,2.61,1.87,31/46,3.03,,DEC,0
GUNSITE,4.12,1.36,31/46,4.09,,NOV,0
CHAWA,29.9,40.0,31/46,12.0,High Wind Trend - Exceeded FPI,DEC,1
COBRA,3.18,6.49,31/42,3.99,,NOV,0
STUBBY,27.6,47.7,31/46,14.43,Exceeded Threshold - Exceeded FPI,DEC,1
STORES,4.96,2.81,31/46,3.79,,DEC,0
SADDLEBACK,22.8,45.3,31/46,13.9,High Wind Trend - Exceeded FPI,DEC,1
ENCHANTED,3.89,2.37,31/46,0.85,,OCT,0
NORTHPARK,30.7,42.8,31/46,13.0,High Wind Trend - Exceeded FPI,DEC,1
SAND CANYON,25.39,45.23,31/46,13.1,High Wind Trend - Exceeded FPI,NOV,1
NEPAL,25.27,54.65,31 / 44,12.45,Exceeded Threshold - High Wind Trend - Exceeded FPI,OCT,1
LOCKNER,13.6,44.1,31/45,13.02,High Wind Trend - Exceeded FPI,NOV,1
ACOSTA,36.1,64.52,31 / 46,12.56,Exceeded Threshold - High Wind Trend - Exceeded FPI,OCT,1
STEEL,2.64,1.52,30/43,2.45,,DEC,0
DYSART,31.0,46.0,31/46,12.11,Exceeded Threshold - Exceeded FPI,DEC,1
BUCKHORN,26.4,41.8,31/46,12.0,High Wind Trend - Exceeded FPI,DEC,1
CANYONSHOVEL,4.05,7.77,25/40,2.2,,OCT,0
GUNSITE,3.05,5.57,31/46,3.09,,NOV,0
SHOVEL,5.87,1.98,25/40,1.62,,DEC,0
RED BOX,38.0,49.0,31/46,13.02,Exceeded Threshold - Exceeded FPI,NOV,1
CUTHBERT,0.16,0.42,31/46,5.39,,OCT,0
ESTABAN,20.3,49.9,31/45,13.8,Exceeded Threshold - Exceeded FPI,DEC,1
SHOVEL,16.0,37.0,31/46,14.84,Exceeded Threshold - Exceeded FPI,SEP,1
CANYONBOOTLEGGER,1.08,4.83,31/46,2.87,,DEC,0
CAIN RANCH,4.17,4.94,31/46,0.33,,NOV,0
ANTON,4.83,3.8,31/46,2.74,,DEC,0
ENERGY,32.5,49.6,31/46,13.9,Exceeded Threshold - Exceeded FPI,DEC,1
BLACKHILLS,27.0,70.0,31 / 46,12.57,Exceeded Threshold - High Wind Trend - Exceeded FPI,OCT,1
SCHMIDT,17.9,40.0,31/44,14.04,High Wind Trend - Exceeded FPI,NOV,1
ECHO,20.42,45.89,31 / 46,12.52,Exceeded Threshold - High Wind Trend - Exceeded FPI,OCT,1
TANAGER,24.3,34.3,31/44,12.18,High Wind Trend - Exceeded FPI,NOV,1
CORSAIR,2.65,1.02,30/42,5.88,,NOV,0
ICE HOUSE,15.2,39.6,31/46,12.34,High Wind Trend - Exceeded FPI,DEC,1
BIG ROCK,29.8,43.3,31/46,12.94,High Wind Trend - Exceeded FPI,DEC,1
ENERGY,35.63,54.51,31 / 46,12.54,Exceeded Threshold - High Wind Trend - Exceeded FPI,OCT,1
EASTER,5.36,7.96,29/41,6.35,,DEC,0
SHOVEL,25.2,37.3,31/46,12.17,High Wind Trend - Exceeded FPI,DEC,1
High Wind Trend SKI HI,5.99,4.26,31/46,5.85,,NOV,0
GUITAR,5.66,1.6,31/46,5.09,,OCT,0
GINGER,3.77,0.47,28/40,3.44,,NOV,0
RAINBOW,0.52,3.62,31/46,5.17,,NOV,0
LOPEZ,20.41,41.87,31 / 46,12.55,Observed Hazard - Exceeded FPI,OCT,1
SONOMA,27.9,44.1,28/39,13.0,Exceeded Threshold - Exceeded FPI,NOV,1
HILLCREST,1.79,7.73,31/45,4.5,,OCT,0
CUTHBERT,5.25,2.05,31/46,6.07,,NOV,0
CABANA,33.7,47.4,31/46,12.8,Exceeded Threshold - Exceeded FPI,OCT,1
TWIN LAKES,3.45,0.58,31/45,3.61,,OCT,0
TAPO,32.0,44.0,31 / 46,12.55,Exceeded Threshold - High Wind Trend - Exceeded FPI,OCT,1
SHOVEL,23.6,36.9,31/46,12.8,High Wind Trend - Exceeded FPI,OCT,1
OAK KNOLL,2.33,5.78,31/46,5.03,,DEC,0
CANEBRAKE,29.6,41.1,31/46,12.2,High Wind Trend - Exceeded FPI,OCT,1
BALCOM,4.66,6.06,31/46,6.16,,OCT,0
COBRA,5.07,3.59,31/42,3.8,,DEC,0
MORELLO,0.68,1.9,31/45,4.11,,NOV,0
BEAR VALLEY,1.12,3.81,18/29,6.26,,OCT,0
LANGER,0.6,2.8,31/45,1.37,,OCT,0
ANTON,34.54,56.85,31 / 46,12.51,Exceeded Threshold - High Wind Trend - Exceeded FPI,OCT,1
ENERGY,31.2,49.8,31/46,12.1,High Wind Trend - Exceeded FPI,NOV,1
HILLCREST,34.6,50.3,31/45,12.6,Exceeded Threshold - Exceeded FPI,OCT,1
NORTHPARK,16.32,41.5,31/46,13.92,High Wind Trend - Exceeded FPI,NOV,1
ANTON,5.9,6.23,31/46,2.14,,OCT,0
SAVORY,1.97,7.36,29/42,1.43,,NOV,0
FOOTHILL,23.7,34.3,26/36,12.92,High Wind Trend - Exceeded FPI,DEC,1
GALENA,37.7,59.6,31/46,12.5,Exceeded Threshold - Exceeded FPI,OCT,1
ENERGY,3.36,5.66,31/46,3.78,,OCT,0
ESTABAN,19.7,40.5,31/45,12.95,High Wind Trend - Exceeded FPI,DEC,1
ENCHANTED,29.4,53.2,31/46,12.5,Exceeded Threshold - Exceeded FPI,OCT,1
BIRCHIM,3.02,7.71,31/46,0.43,,NOV,0
SAND CANYON,23.0,38.3,31/46,12.98,High Wind Trend - Exceeded FPI,DEC,1
ENERGY,5.14,3.22,31/46,3.57,,OCT,0
WHITECLIFF,34.2,48.0,31/46,12.4,Exceeded Threshold - Exceeded FPI,OCT,1
CASTRO,28.5,49.17,29.8/46,12.41,Exceeded Threshold - Exceeded FPI,OCT,1
BLACKHILLS,3.45,7.7,31/46,2.3,,OCT,0
SCHMIDT,4.37,4.68,31/44,1.36,,OCT,0
CUDDEBACK,2.88,4.92,23/37,6.22,,NOV,0
CANEBRAKE,5.88,3.13,31/46,4.81,,DEC,0
TUBA,1.97,3.76,31/46,3.46,,OCT,0
CHAWA,0.13,6.99,31/46,1.9,,NOV,0
LOUCKS,21.3,40.0,31/46,13.08,High Wind Trend - Exceeded FPI,NOV,1
DAVENPORT,20.23,41.12,31 / 46,12.57,High Wind Trend - Exceeded FPI,OCT,1
CONDOR,2.14,2.58,31/46,0.76,,OCT,0
LOUCKS,23.6,44.0,31/46,12.1,High Wind Trend - Exceeded FPI,NOV,1
VARGAS,23.5,48.3,31/46,12.86,Exceeded Threshold - Exceeded FPI,NOV,1
LAUDA,20.2,41.5,31/45,12.97,High Wind Trend - Exceeded FPI,DEC,1
BIRCHIM,27.6,50.1,31/46,14.08,Exceeded Threshold - Exceeded FPI,NOV,1
STAGHORN,3.08,5.84,31/46,3.44,,OCT,0
COBRA,5.12,4.36,31/42,1.86,,OCT,0
TWIN LAKES,27.12,69.85,31 / 45,12.57,Exceeded Threshold - High Wind Trend - Exceeded FPI,OCT,1
ANGUS,2.31,4.34,31/46,5.55,,NOV,0
CONDOR,26.0,37.6,31/46,14.1,High Wind Trend - Exceeded FPI,NOV,1
HILLFIELD,29.8,43.7,31/46,12.6,High Wind Trend - Exceeded FPI,OCT,1
EASTER,0.75,5.73,29/41,6.79,,NOV,0
THACHER,12.6,45.3,29/46,13.92,High Wind Trend - Exceeded FPI,DEC,1
CONINE,31.0,46.3,28/40,12.0,Exceeded Threshold - Exceeded FPI,OCT,1
BELPAC,2.6,2.25,31/42.42,1.89,,OCT,0
FERRARA,15.2,39.6,31/46,14.2,High Wind Trend - Exceeded FPI,DEC,1
ANGUS,28.8,46.0,31/46,12.4,Exceeded Threshold - Exceeded FPI,OCT,1
SWEETWATER,38.54,53.2,31/46,13.44,Exceeded Threshold - Exceeded FPI,OCT,1
GRAPEVINE PEAK,0.76,1.96,31/46,0.2,,DEC,0
LOPEZ,1.27,4.57,31/46,2.78,,DEC,0
BIG ROCK,1.13,5.11,31/46,3.76,,OCT,0
VARGAS,2.83,4.79,31/46,2.76,,OCT,0
LARCH,4.4,4.3,31/46,0.74,,OCT,0
FOOTHILL,1.81,7.62,26/36,6.55,,DEC,0
FINGAL,5.67,1.28,31/46,2.14,,DEC,0
STRATHERN,31.7,61.2,31/46,12.4,Exceeded Threshold - Exceeded FPI,OCT,1
LOPEZ,16.4,42.4,31/46,14.46,High Wind Trend - Exceeded FPI,DEC,1
COBRA,28.2,42.0,31/42,12.05,High Wind Trend - Exceeded FPI,NOV,1
RICARDO,31.1,55.3,31/46,12.4,Exceeded Threshold - Exceeded FPI,OCT,1
ARLENE,4.33,4.19,31/46,0.15,,OCT,0
CLUB OAKS,1.46,6.47,31/46,3.97,,DEC,0
ACOSTA,2.81,2.41,31/46,3.7,,OCT,0
ANTON,3.26,7.31,31/46,6.69,,NOV,0
SAVORY,23.4,42.7,29/42,12.93,Exceeded Threshold - Exceeded FPI,DEC,1
STUBBY,26.5,46.4,31/46,13.03,Exceeded Threshold - Exceeded FPI,NOV,1
CALSTATE,37.2,61.6,31/46,12.0,Exceeded Threshold - Exceeded FPI,NOV,1
STEARNS,19.6,45.5,31/46,12.91,High Wind Trend - Exceeded FPI,DEC,1
TAHQUITZ,32.6,48.2,31/46,12.0,Exceeded Threshold - Exceeded FPI,OCT,1
CARMELITA,1.39,6.05,31/46,2.99,,OCT,0
GREAT SALT,28.2,42.8,29/42,12.98,Exceeded Threshold - Exceeded FPI,NOV,1
ENERGY,0.39,5.54,31/46,4.4,,DEC,0
ATENTO,2.4,6.72,31/46,0.81,,OCT,0
ZONE,22.6,38.4,31/46,13.01,High Wind Trend - Exceeded FPI,NOV,1
FINGAL,3.87,3.8,31/46,4.3,,DEC,0
BIANCO,1.04,6.46,31/40,4.66,,DEC,0
ROS,5.19,1.13,27/39,3.75,,DEC,0
RED BOX,28.6,45.4,31/45,12.0,Exceeded Threshold - Exceeded FPI,OCT,1
CASTRO,5.41,5.03,29.8/46,0.76,,OCT,0
DUKE,3.72,2.39,30/46,1.79,,DEC,0
GILMAN,3.06,7.87,31/45,3.99,,NOV,0
LOUCKS,1.41,6.24,31/46,0.1,,DEC,0
SWEETWATER,34.9,54.4,31/46,13.7,Exceeded Threshold - Exceeded FPI,DEC,1
AVANTI,2.83,2.21,31/46,1.15,,OCT,0
ROS,29.5,40.5,27/39,12.0,Exceeded Threshold - Exceeded FPI,DEC,1
MARCUS,29.8,43.7,31/46,12.0,High Wind Trend - Exceeded FPI,OCT,1
PYTHON,25.9,41.72,31/46,12.63,High Wind Trend - Exceeded FPI,OCT,1
VARGAS,0.91,4.13,31/46,4.29,,NOV,0
ENERGY,3.98,7.3,31/46,4.63,,OCT,0
BELPAC,3.98,1.38,31/42,4.1,,OCT,0
NORTHPARK,16.32,41.5,31/46,13.99,High Wind Trend - Exceeded FPI,NOV,1
SADDLEBACK,0.62,7.08,31/46,0.11,,DEC,0
CALSTATE,38.32,65.74,31 / 46,12.57,Exceeded Threshold - High Wind Trend - Exceeded FPI,OCT,1
DIAMONDBACK,28.6,43.1,31/42,12.6,Exceeded Threshold - Exceeded FPI,OCT,1
VIDEO,21.75,49.76,28 / 45,12.54,Exceeded Threshold - High Wind Trend - Exceeded FPI,OCT,1
ESTABAN,20.5,50.9,31/45,13.97,Exceeded Threshold - Exceeded FPI,NOV,1
GRAPEVINE PEAK,3.9,3.87,31/46,3.35,,OCT,0
BOUQUET,4.65,5.57,31/46,1.54,,OCT,0
METTLER,27.0,40.0,23/37,12.0,Exceeded Threshold - Exceeded FPI,NOV,1
ENERGY,4.95,1.02,31/46,4.95,,NOV,0
GABBERT,15.7,46.1,31/46,14.0,Exceeded Threshold - Exceeded FPI,NOV,1
DUKE,29.4,47.6,30/46,13.8,Exceeded Threshold - Exceeded FPI,DEC,1
NAPOLEON,0.42,5.08,31/45,5.38,,DEC,0
BENCH,1.65,4.52,29/42,1.57,,DEC,0
ZONE,3.31,6.41,31/46,5.23,,OCT,0
GILMAN,20.2,41.5,31/45,12.97,High Wind Trend - Exceeded FPI,DEC,1
NORTHPARK,4.82,0.56,31/46,3.11,,DEC,0
RACER,3.21,3.09,31/46,3.35,,OCT,0
NORTHPARK,1.12,7.36,31/46,2.9,,NOV,0
STEEL,1.63,1.32,30/43,5.2,,OCT,0
RAINBOW,21.9,40.4,31/46,13.01,High Wind Trend - Exceeded FPI,NOV,1
DYSART,22.8,45.3,31/46,13.9,Downstream circuit fed by Shovel (source de-energized),DEC,1
SHOVEL,26.1,43.5,25/40,12.88,Exceeded Threshold - Exceeded FPI,OCT,1
CASTRO,0.81,3.06,30/46,1.66,,DEC,0
AMETHYST,2.61,5.21,31/46,1.03,,NOV,0
PICK,5.48,5.54,31/46,0.15,,OCT,0
TWIN LAKES,23.82,55.09,31/46,12.0,High Wind Trend - Exceeded FPI,NOV,1
DYSART,25.6,47.8,31/46,12.16,Exceeded Threshold - Exceeded FPI,NOV,1
SANTORINI,22.3,41.8,31/42,12.88,High Wind Trend - Exceeded FPI,DEC,1
HILLFIELD,4.55,3.57,31/46,2.23,,OCT,0
PHEASANT,1.22,2.35,31/45,4.4,,OCT,0
TOGA,29.0,49.0,31/41.7,12.0,Exceeded Threshold - Exceeded FPI,OCT,1
CONDOR,0.89,4.49,31/46,5.49,,OCT,0
DE MILLE,24.5,47.4,31/46,13.5,Exceeded Threshold - Exceeded FPI,OCT,1
SHERWOOD,0.76,3.5,31/46,1.7,,OCT,0
AVANTI,40.55,73.65,31 / 46,12.56,Exceeded Threshold - High Wind Trend - Exceeded FPI,OCT,1
SUTT,25.0,44.4,31/46,14.36,High Wind Trend - Exceeded FPI,DEC,1
GUITAR,32.11,44.21,31 / 46,12.51,Exceeded Threshold - High Wind Trend - Exceeded FPI,OCT,1
JORDAN,1.32,7.22,27/46,4.45,,NOV,0
ROBINSON CREEK,39.3,57.0,31/46,11.25,Exceeded Threshold,NOV,1
SHOVEL,21.77,44.5,25/40,12.12,High Wind Trend - Exceeded FPI,NOV,1
SUTT,5.02,4.98,31/46,4.71,,DEC,0
DUKE,2.27,7.29,30/46,4.48,,NOV,0
MIDDLE ROAD,24.0,46.2,26/42,12.7,Exceeded Threshold - Exceeded FPI,OCT,1
SAND CANYON,2.17,4.69,31/46,2.63,,SEP,0
DONLON,30.0,54.1,31/46,12.5,Exceeded Threshold - Exceeded FPI,OCT,1
ANGUS,2.14,4.47,31/46,3.37,,NOV,0
OAK KNOLL,34.6,49.0,31/46,12.14,Exceeded Threshold - Exceeded FPI,DEC,1
RICARDO,37.1,61.2,31/46,12.0,Exceeded Threshold - Exceeded FPI,DEC,1
CUTHBERT,2.21,2.21,31/46,4.51,,OCT,0
TAIWAN,23.9,43.2,31/46,12.98,High Wind Trend - Exceeded FPI,NOV,1
CUTHBERT,32.4,50.5,31/46,12.5,Exceeded Threshold - Exceeded FPI,OCT,1
AMBERCREST,29.5,46.8,31/44,12.4,Exceeded Threshold - Exceeded FPI,OCT,1
SHOVEL,4.42,1.89,25/40,0.78,,NOV,0
ENERGY,1.94,3.2,31/46,3.51,,OCT,0
PATRICIA,5.89,1.24,31/46,1.38,,DEC,0
GOWAN,30.2,48.4,31 / 46,12.57,Exceeded Threshold - High Wind Trend - Exceeded FPI,OCT,1
CORSAIR,25.0,42.8,30/42,14.45,Exceeded Threshold - Exceeded FPI,DEC,1
TAHQUITZ,21.8,39.7,31/46,13.47,High Wind Trend - Exceeded FPI,NOV,1
SWEETWATER,1.49,2.05,31/46,4.12,,OCT,0
BLUE CUT,37.7,56.9,31/46,,Source Circuit De-Energized: Verdemont,OCT,1
CONDOR,1.53,4.85,31/46,1.37,,DEC,0
SAND CANYON,2.65,2.51,31/46,1.77,,OCT,0
ROUNDEL,1.73,3.89,31/44,6.29,,DEC,0
DAVENPORT,1.73,7.18,31/46,5.0,,OCT,0
Met Threshold CAMPANULA,30.7,40.3,31/46,12.52,Exceeded FPI,NOV,1
NAPOLEON,24.8,39.1,31/45,14.04,High Wind Trend - Exceeded FPI,NOV,1
TWIN LAKES,5.35,1.33,31/46,2.95,,OCT,0
DAVENPORT,3.64,4.75,31/46,6.28,,DEC,0
RED BOX,31.0,52.0,31/46,13.42,Exceeded Threshold - Exceeded FPI,DEC,1
CASSIDY,29.1,49.3,31/46,12.5,Exceeded Threshold - Exceeded FPI,OCT,1
TOGA,2.04,1.27,31/41.7,0.46,,OCT,0
MIDDLE ROAD,2.29,1.03,26/42,1.39,,DEC,0
BOOTLEGGER,3.77,2.94,31/46,0.43,,NOV,0
DARTMOUTH,2.18,0.73,31/45,0.94,,OCT,0
LOCKNER,5.35,0.8,31/45,6.38,,NOV,0
GILMAN,30.0,51.4,31/45,12.0,Source Circuit De-Energized: Lauda,OCT,1
VARGAS,3.45,6.68,31/46,6.38,,DEC,0
FINGAL,28.0,46.0,31/46,12.0,Exceeded Threshold - Exceeded FPI,DEC,1
MODJESKA,3.62,3.94,30/44,2.46,,NOV,0
HILLFIELD,0.41,1.03,31/46,1.5,,OCT,0
BALCOM,26.5,34.7,31/46,12.95,High Wind Trend - Exceeded FPI,NOV,1
PHEASANT,37.0,51.0,31/45,12.0,Exceeded Threshold - Exceeded FPI,OCT,1
ATENTO,1.96,6.79,31/46,4.78,,NOV,0
Kuehner,1.25,5.35,31/46,6.37,,DEC,0
LAZARO,26.0,43.1,28/40,12.0,Exceeded Threshold - Exceeded FPI,NOV,1
GNATCATCHER,3.41,4.88,31/46,1.31,,DEC,0
BOOTLEGGER,25.17,41.94,31/46,13.01,High Wind Trend - Exceeded FPI,NOV,1
SAVORY,0.59,1.81,29/42,0.29,,DEC,0
FERRARA,0.01,6.69,31/46,4.85,,OCT,0
SAND CANYON,36.0,49.0,31/46,13.34,Exceeded Threshold - Exceeded FPI,NOV,1
GUITAR,5.16,7.41,31/46,6.13,,OCT,0
BLUE CUT,20.7,42.7,31/46,12.0,High Wind Trend - Exceeded FPI,NOV,1
ESTABAN,3.22,7.12,31/45,1.37,,NOV,0
STAR ROCK,26.3,43.4,31/44,12.0,High Wind Trend - Exceeded FPI,NOV,1
FROZEN,1.34,5.53,31/46,1.02,,OCT,0
COOLER,2.38,7.65,31/46,3.1,,OCT,0
ESTABAN,21.6,43.26,31/44.8,13.4,High Wind Trend - Exceeded FPI,OCT,1
ANACONDA,5.83,4.12,31/42.4,3.35,,OCT,0
CALSTATE,2.05,2.73,31/46,2.23,,NOV,0
BENCH,26.5,40.7,29/42,12.99,High Wind Trend - Exceeded FPI,DEC,1
LARCH,5.98,5.14,31/46,0.81,,OCT,0
FROZEN,4.93,4.87,31/46,4.92,,NOV,0
DAVENPORT,16.84,43.04,31/46,12.11,High Wind Trend - Exceeded FPI,NOV,1
Energy,37.0,51.0,31/46,12.18,Exceeded Threshold - High Wind Trend - Exceeded FPI,OCT,1
WINERY,21.3,40.0,29/42,14.45,High Wind Trend - Exceeded FPI,DEC,1
High Wind Trend CAMPANULA,4.45,7.11,31/46,0.47,,NOV,0
FERRARA,15.15,48.44,31 / 46,14.3,Exceeded Threshold - High Wind Trend - Exceeded FPI,OCT,1
TAPO,24.7,45.8,31/46,13.05,High Wind Trend - Exceeded FPI,NOV,1
COBRA,36.0,50.5,31/42,13.9,Exceeded Threshold - Exceeded FPI,DEC,1
DAVENPORT,17.5,42.2,31/46,14.54,High Wind Trend - Exceeded FPI,DEC,1
ATENTO,19.4,38.4,31/46,13.01,High Wind Trend - Exceeded FPI,NOV,1
ZONE,28.7,46.3,31/46,12.5,Exceeded Threshold - Exceeded FPI,OCT,1
TUFA,29.7,36.6,31/46,13.94,High Wind Trend - Exceeded FPI,DEC,1
MORGANSTEIN,27.4,48.7,31/46,12.5,Exceeded Threshold - Exceeded FPI,OCT,1
MOUNTAINTAHQUITZ,31.0,46.5,31/46,14.41,Exceeded Threshold - Exceeded FPI,DEC,1
GNATCATCHER,4.73,3.99,31/46,2.59,,OCT,0
BIG ROCK,33.67,48.08,31/46,12.1,High Wind Trend - Exceeded FPI,NOV,1
STORES,29.8,45.8,31/46,14.44,High Wind Trend - Exceeded FPI,DEC,1
CORSAIR,1.6,0.82,30/42,2.37,,OCT,0
OAK GLEN,1.13,0.33,27/41,5.36,,DEC,0
SNOW VALLEY,21.3,50.3,31/46,12.17,Exceeded Threshold - Exceeded FPI,DEC,1
PICK,2.74,2.66,31/46,5.59,,NOV,0
HILLFIELD,36.0,50.5,31/46,13.9,Exceeded Threshold - Exceeded FPI,DEC,1
BALCOM,0.18,1.54,31/46,1.93,,DEC,0
OLIVER,14.8,41.0,29/42,12.99,High Wind Trend - Exceeded FPI,NOV,1
BIRCHIM,32.5,49.8,31/46,14.08,Exceeded Threshold - Exceeded FPI,NOV,1
BLUE CUT,4.61,6.32,31/46,1.64,,OCT,0
RACER,29.8,43.7,31/46,12.6,High Wind Trend - Exceeded FPI,OCT,1
SWEETWATER,1.93,1.95,31/46,0.33,,OCT,0
CONDOR,27.2,41.9,31/46,12.0,High Wind Trend - Exceeded FPI,NOV,1
ANGUS,12.4,45.7,31/46,12.06,High Wind Trend - Exceeded FPI,NOV,1
DUKE,0.34,7.02,30/46,3.09,,OCT,0
ENERGY,2.49,5.24,31/46,3.03,,DEC,0
ANTON,26.4,42.7,31/46,12.97,High Wind Trend - Exceeded FPI,DEC,1
BUCKHORN,2.46,4.42,31/46,3.88,,OCT,0
VARGAS,18.0,41.0,31/46,12.9,High Wind Trend - Exceeded FPI,DEC,1
ESTABAN,0.68,4.11,31/45,4.28,,DEC,0
BALCOM,32.2,46.4,31/46,13.8,Exceeded Threshold - Exceeded FPI,DEC,1
VERA CRUZ,30.7,48.3,28/42,12.3,Exceeded Threshold - Exceeded FPI,OCT,1
JONAGOLD,4.26,4.5,28/39,6.28,,DEC,0
ARROWHEAD,5.39,1.6,40/58,3.59,,NOV,0
ROUNDEL,29.5,44.1,31/44,12.0,Exceeded Threshold - Exceeded FPI,DEC,1
TAPO,4.48,4.13,31/46,4.7,,DEC,0
NAPOLEON,3.24,7.13,31/45,6.1,,OCT,0
ECHO,2.51,6.94,31/46,5.45,,DEC,0
ZONE,23.9,41.6,31/46,12.95,High Wind Trend - Exceeded FPI,DEC,1
VETERANS,4.58,7.3,31/46,5.09,,DEC,0
RAINBOW,21.2,45.7,31/46,13.9,High Wind Trend - Exceeded FPI,DEC,1
CALSTATE,0.52,3.41,31/46,0.13,,NOV,0
TRAILKIMDALE,33.27,45.16,31 / 45,12.56,Exceeded Threshold - High Wind Trend - Exceeded FPI,OCT,1
COVENTRY,28.7,47.4,31/46,12.6,Exceeded Threshold - Exceeded FPI,OCT,1
BADGER,0.23,5.07,31/46,4.45,,OCT,0
EASTER,21.6,39.4,29/41,12.97,High Wind Trend - Exceeded FPI,NOV,1
RED BOX,1.17,2.92,31/46,1.13,,OCT,0
ANTON,30.3,47.4,31/46,12.9,Exceeded Threshold - Exceeded FPI,DEC,1
ZONE,23.0,46.7,31/46,12.5,Exceeded Threshold - Exceeded FPI,OCT,1
VERA CRUZ,25.0,36.7,28.04/42,12.95,High Wind Trend - Exceeded FPI,DEC,1
CASTRO,24.8,41.6,30/46,13.04,High Wind Trend - Exceeded FPI,NOV,1
DAVENPORT,17.5,42.2,31/46,14.54,High Wind Trend - Exceeded FPI,DEC,1
DAVENPORT,23.78,49.47,31 / 46,12.57,Exceeded Threshold - High Wind Trend - Exceeded FPI,OCT,1
KICKAPOO,25.16,45.74,31 / 46,12.2,Exceeded Threshold - High Wind Trend - Exceeded FPI,OCT,1
EASTER,23.4,42.7,29/41,12.0,Exceeded Threshold - Exceeded FPI,DEC,1
CORSAIR,35.4,52.1,30/42,12.0,Exceeded Threshold - Exceeded FPI,OCT,1
SWEETWATER,33.4,49.8,31/46,12.5,Exceeded Threshold - Exceeded FPI,OCT,1
ANGUS,26.5,45.6,31/46,12.06,High Wind Trend - Exceeded FPI,NOV,1
GUITAR,27.3,48.7,31/46,13.7,Exceeded Threshold - Exceeded FPI,DEC,1
PASCAL,1.5,7.13,31/44,1.13,,NOV,0
TAPO,5.01,3.72,31/46,3.79,,NOV,0
SCHMIDT,1.09,3.95,31/44,1.14,,NOV,0
PLATEAU,29.3,42.5,31/46,12.63,High Wind Trend - Exceeded FPI,OCT,1
BIG ROCK,5.63,4.23,31/46,1.5,,DEC,0
ARLENE,1.47,7.54,31/46,5.69,,DEC,0
TOWNSHIP,15.4,44.1,31/45,12.0,High Wind Trend - Exceeded FPI,DEC,1
LOUCKS,16.0,37.0,31/46,14.77,Exceeded Threshold - Exceeded FPI,SEP,1
STEEL,0.2,4.36,30/43,4.01,,NOV,0
WOBEGONE,5.52,5.69,28/40,1.51,,NOV,0
ANTON,40.6,55.8,31/46,12.7,Exceeded Threshold - Exceeded FPI,OCT,1
CANYONBOOTLEGGER,24.5,45.1,31/46,12.44,High Wind Trend - Exceeded FPI,DEC,1
LOPEZ,3.56,7.15,31/46,4.81,,OCT,0
SUTT,0.37,7.4,31/46,1.79,,OCT,0
High Wind Trend SKI HI,0.95,7.94,31/46,2.14,,NOV,0
VERA CRUZ,2.08,5.11,28./42,3.32,,NOV,0
ENERGY,29.9,43.3,31/46,12.99,High Wind Trend - Exceeded FPI,DEC,1
Energy,4.81,1.95,31/46,5.93,,OCT,0
ESTABAN,0.63,7.53,31/45,6.1,,DEC,0
FROZEN,5.16,4.73,31/46,1.77,,DEC,0
CUDDEBACK,1.78,6.21,23/37,1.07,,NOV,0
ENERGY,5.31,2.48,31/46,6.99,,NOV,0
DAVENPORT,24.3,47.9,31/46,12.11,Exceeded Threshold - Exceeded FPI,NOV,1
LOUCKS,,,31/46,12.43,Source Circuit De- - Energized: Shovel,OCT,1
JEEP,0.46,7.65,27/43,5.83,,OCT,0
DARTMOUTH,18.1,38.8,31/45,13.02,High Wind Trend - Exceeded FPI,NOV,1
CALSTATE,41.6,59.7,31/46,12.0,Exceeded Threshold - Exceeded FPI,NOV,1
PINE COVE,16.2,47.2,27/44,13.39,Exceeded Threshold - Exceeded FPI,DEC,1
RANIER,4.87,2.16,31/45,0.55,,NOV,0
VARGAS,15.22,39.24,31/46,12.92,High Wind Trend - Exceeded FPI,NOV,1
GALENA,1.49,6.88,31/46,4.04,,OCT,0
GRAPEVINE,1.55,6.68,31/46,3.48,,NOV,0
NORTHPARK,1.44,0.94,31/46,3.06,,NOV,0
FANO,16.8,38.3,28/40,12.92,High Wind Trend - Exceeded FPI,DEC,1
IMPALA,42.79,60.13,31 / 46,12.58,Exceeded Threshold - High Wind Trend - Exceeded FPI,OCT,1
DUKE,21.5,40.1,30/46,13.04,High Wind Trend - Exceeded FPI,NOV,1
DAVENPORT,0.9,6.02,31/46,2.54,,DEC,0
ENERGY,0.3,6.77,31/46,0.71,,DEC,0
DUKE,26.3,42.8,30/46,12.3,High Wind Trend - Exceeded FPI,OCT,1
ANTON,0.24,1.33,31/46,5.39,,SEP,0
ECHO,1.82,3.38,31/46,3.07,,DEC,0
SAUNDERS,16.2,47.2,27/44,14.4,Exceeded Threshold - Exceeded FPI,DEC,1
CORSAIR,0.43,1.0,30/42,1.19,,OCT,0
BOOTLEGGER,1.68,1.52,31/46,5.65,,SEP,0
STEEL,32.1,51.0,30/43,12.6,Exceeded Threshold - Exceeded FPI,OCT,1
ANTON,2.24,0.79,31/46,4.91,,NOV,0
ANACONDA,1.92,1.75,31/42,0.55,,DEC,0
SUTT,4.58,3.16,31/46,3.57,,OCT,0
BOOTLEGGER,22.2,47.1,31/46,13.9,Exceeded Threshold - Exceeded FPI,DEC,1
PHEASANT,5.08,4.2,31/45,0.13,,DEC,0
REVERSE PEAK,16.1,48.2,31/46,12.47,Exceeded Threshold - Exceeded FPI,NOV,1
METTLER,1.31,5.51,23/37,0.85,,NOV,0
ENERGY,1.08,3.26,31/45,1.83,,OCT,0
ENERGY,2.19,0.1,31/46,6.75,,DEC,0
SAND CANYON,37.0,52.8,31/46,13.1,High Wind Trend - Exceeded FPI,NOV,1
NAPOLEON,29.4,41.0,31/45,13.8,High Wind Trend - Exceeded FPI,DEC,1
LAUDA,3.45,5.5,31/45,2.7,,OCT,0
RAINBOW,23.0,46.7,31/46,12.5,Exceeded Threshold - Exceeded FPI,OCT,1
VARGAS,4.07,1.52,31/46,1.37,,OCT,0
BIG ROCK,31.4,36.4,31/46,12.2,Exceeded Threshold - Exceeded FPI,OCT,1
PETIT,0.02,3.43,31/46,6.91,,DEC,0
SHOVEL,2.34,4.32,25/40,5.82,,NOV,0
BALCOM,5.58,5.48,31/46,6.8,,NOV,0
VERA CRUZ,4.55,1.72,28.04/42,5.12,,DEC,0
ALOLA #2,13.9,40.9,31/44,14.28,High Wind Trend - Exceeded FPI,DEC,1
BOOTLEGGER,1.02,7.16,31/46,4.87,,DEC,0
SAND,4.39,1.08,31/46,5.46,,OCT,0
DARTMOUTH,24.6,41.4,31/45,14.44,High Wind Trend - Exceeded FPI,DEC,1
GRAPEVINE PEAK,5.71,5.37,31/46,2.86,,NOV,0
DAVENPORT,5.6,4.33,31/46,3.77,,OCT,0
THACHER,1.67,0.53,29/46,1.53,,DEC,0
SUTT,35.97,59.99,31 / 46,12.57,Exceeded Threshold - High Wind Trend - Exceeded FPI,OCT,1
STRATHERN,23.1,47.1,31/46,12.93,Exceeded Threshold - Exceeded FPI,DEC,1
FLYING D,25.7,44.9,31/46,12.57,High Wind Trend - Exceeded FPI,DEC,1
PATRICIA,4.42,4.34,31/46,1.36,,DEC,0
CAMP BALDY,17.02,45.52,31/46,12.84,High Wind Trend - Exceeded FPI,NOV,1
CUTHBERT,29.0,40.2,31/46,12.0,High Wind Trend - Exceeded FPI,DEC,1
SHOVEL,5.12,1.68,25/40,6.16,,NOV,0
TIMBER,5.65,0.6,31/46,5.73,,DEC,0
NEPAL,4.05,3.32,31/44,2.23,,OCT,0
DAVENPORT,2.4,5.13,31/46,0.64,,OCT,0
IMPALA,4.83,4.75,31/46,5.0,,NOV,0
CUDDEBACK,23.0,32.7,23/37,12.15,Exceeded Threshold - Exceeded FPI,NOV,1
CANEBRAKE,27.0,50.8,31/46,12.0,Exceeded Threshold - Exceeded FPI,DEC,1
DUKE,2.88,1.08,30/46,3.89,,DEC,0
WINERY,3.59,7.06,29/42,3.71,,DEC,0
PARINA,2.49,1.14,28/36,1.84,,DEC,0
FROZEN,0.46,0.83,31/46,5.45,,NOV,0
Exceeded Threshold STROSNIDER,4.86,1.55,31/46,1.01,,NOV,0
TWIN LAKES,42.6,58.7,31/45,13.9,Exceeded Threshold - Exceeded FPI,DEC,1
ANTON,32.84,48.37,31/46,12.05,High Wind Trend - Exceeded FPI,NOV,1
NAPOLEON,28.9,45.2,31/45,12.98,Exceeded Threshold - Exceeded FPI,DEC,1
ENERGY,48.62,68.61,31 / 46,12.54,Exceeded Threshold - High Wind Trend - Exceeded FPI,OCT,1
ACOSTA,1.63,6.91,31/46,1.5,,OCT,0
AMETHYST,0.18,0.68,31/46,6.9,,DEC,0
PYLE,26.5,45.6,28/44,12.0,Exceeded Threshold - Exceeded FPI,NOV,1
CONINE,1.55,4.92,28/40,3.07,,OCT,0
TAPO,0.82,3.98,31/46,4.64,,DEC,0
ARLENE,5.21,7.52,31/46,2.57,,NOV,0
TAIWAN,1.22,0.12,31/46,4.36,,OCT,0
CANAL,16.2,47.2,27/44,15.22,Exceeded Threshold - Exceeded FPI,DEC,1
BIG ROCK,42.0,59.3,31/46,12.8,Exceeded Threshold - Exceeded FPI,OCT,1
DAVENPORT,2.64,1.66,31/46,1.17,,DEC,0
DIAMONDBACK,4.27,5.49,31/42,4.8,,OCT,0
PLATEAU,2.56,6.06,31/46,1.68,,OCT,0
ANTON,25.2,40.4,31/46,12.5,High Wind Trend - Exceeded FPI,OCT,1
GNATCATCHER,31.9,44.7,31/46,13.6,Exceeded Threshold - Exceeded FPI,DEC,1
GUNSITE,27.6,47.7,31/46,12.13,Exceeded Threshold - Exceeded FPI,DEC,1
COLLINS,15.7,46.1,31/43,12.96,Exceeded Threshold - Exceeded FPI,NOV,1
ATENTO,19.1,41.57,31/46,12.93,High Wind Trend - Exceeded FPI,NOV,1
KICKAPOO,1.47,1.22,31/46,1.83,,OCT,0
CALGROVE,4.05,0.13,31/46,5.04,,OCT,0
CABANA,1.33,6.34,31/46,1.31,,DEC,0
SAND CANYON,35.0,53.0,31/46,,Exceeded Threshold - Exceeded FPI,SEP,1
BUCKHORN,1.36,4.2,31/46,1.71,,DEC,0
GNATCATCHER,5.15,4.72,31/46,6.9,,NOV,0
FERRARA,170.02,45.52,31/46,12.93,High Wind Trend - Exceeded FPI,NOV,1
BIG ROCK,5.37,6.54,31/46,3.82,,NOV,0
BIG ROCK,3.79,2.06,31/46,2.47,,OCT,0
GUITAR,5.46,6.02,31/46,1.48,,NOV,0
SAND CANYON,1.76,4.56,31/46,3.38,,DEC,0
GALENA,3.1,1.0,31/46,3.78,,OCT,0
DYSART,2.42,5.04,31/46,1.97,,DEC,0
IMPALA,5.48,1.21,31/46,1.66,,DEC,0
SHOVEL,0.53,1.88,31/46,2.12,,DEC,0
BIG ROCK,0.46,4.29,31/46,2.04,,NOV,0
ANTON,2.88,3.17,31/46,1.23,,OCT,0
CONDOR,1.29,3.95,31/46,3.97,,DEC,0
MACIEL,29.5,42.1,28/42,12.5,Exceeded Threshold - Exceeded FPI,OCT,1
STAR ROCK,30.0,51.3,31/44,12.4,Exceeded Threshold - Exceeded FPI,OCT,1
FINGAL,26.8,53.1,31/46,12.17,Exceeded Threshold - Exceeded FPI,NOV,1
LAUDA,0.51,1.3,31/45,6.92,,NOV,0
ZONE,3.2,1.67,31/46,4.18,,OCT,0
CLARINET,5.51,0.68,31/46,5.19,,DEC,0
METTLER,3.39,0.49,31/46,0.84,,DEC,0
CONDOR,35.0,51.4,31/46,13.1,Exceeded Threshold - Exceeded FPI,OCT,1
ZONE,4.79,7.06,31/46,1.82,,NOV,0
RAINBOW,2.63,0.67,31/46,0.06,,DEC,0
SAND CANYON,47.0,59.7,31/46,12.53,Exceeded Threshold - Exceeded FPI,OCT,1
ARLENE,0.04,2.68,31/46,0.37,,NOV,0
CUDDEBACK,27.0,40.0,23/37,12.0,Exceeded Threshold - Exceeded FPI,NOV,1
ENERGY,16.9,43.8,31/46,13.04,High Wind Trend - Exceeded FPI,NOV,1
BALCOM,28.1,38.0,31/46,12.4,High Wind Trend - Exceeded FPI,OCT,1
CANEBRAKE,2.09,7.33,31/46,1.59,,OCT,0
LOUCKS,30.0,46.3,31/46,13.9,Downstream circuit fed by Shovel (source de-energized),DEC,1
CLARINET,1.63,5.7,31/46,5.64,,OCT,0
HONEYCRISP,4.65,7.08,29/42,1.16,,DEC,0
PETIT,33.6,47.1,31/46,12.0,Exceeded Threshold - Exceeded FPI,DEC,1
VERA CRUZ,31.4,43.3,28./42,12.0,Exceeded Threshold - Exceeded FPI,NOV,1
PURCHASE,5.83,7.0,31/46,0.99,,NOV,0
CORSAIR,35.7,50.0,30/42,12.0,Exceeded Threshold - Exceeded FPI,OCT,1
CANYONSAND,57.88,75.33,31 / 46,12.58,Exceeded Threshold - High Wind Trend - Exceeded FPI,OCT,1
REJADA,4.33,3.67,31/46,4.18,,DEC,0
BIANCO,19.2,39.9,31/40,12.88,High Wind Trend - Exceeded FPI,DEC,1
CONDOR,27.2,41.9,31/46,12.0,High Wind Trend - Exceeded FPI,NOV,1
SAND CANYON,2.17,1.1,31/46,5.82,,NOV,0
SADDLEBACK,31.0,46.0,31/46,12.11,Exceeded Threshold - Exceeded FPI,DEC,1
GILMAN,7.9,28.8,31/45,13.02,High Wind Trend - Exceeded FPI,NOV,1
TAPO,20.19,42.6,31/46,12.97,High Wind Trend - Exceeded FPI,DEC,1
VARGAS,21.16,66.49,31 / 46,12.53,Exceeded Threshold - High Wind Trend - Exceeded FPI,OCT,1
RICARDO,2.57,6.03,31/46,4.66,,OCT,0
SONOMA,1.01,5.6,28/39,2.94,,NOV,0
SAND CANYON,30.6,40.3,31/46,12.11,High Wind Trend - Exceeded FPI,NOV,1
ALOLA #2,2.61,4.77,31/44,5.52,,DEC,0
VETERANS,19.9,43.0,31/46,12.7,High Wind Trend - Exceeded FPI,OCT,1
KINSEY,46.0,66.0,31/46,12.93,Exceeded Threshold - Exceeded FPI,OCT,1
ACOSTA,29.56,61.16,31/46,13.92,High Wind Trend - Exceeded FPI,NOV,1
AVANTI,32.9,55.0,31/46,12.4,Exceeded Threshold - Exceeded FPI,OCT,1
ACCENT,26.3,37.9,27/38,12.0,High Wind Trend - Exceeded FPI,OCT,1
CONDOR,4.38,3.34,31/46,3.28,,NOV,0
BIG ROCK,27.0,70.0,31 / 46,12.57,Exceeded Threshold - High Wind Trend - Exceeded FPI,OCT,1
MOUNTAINTAHQUITZ,4.95,3.44,31/46,5.26,,DEC,0
DONLON,19.7,50.4,31/46,12.95,Exceeded Threshold - Exceeded FPI,DEC,1
ANTON,24.8,50.1,31/46,12.5,Exceeded Threshold - Exceeded FPI,OCT,1
AMETHYST,3.5,6.09,31/46,2.31,,NOV,0
FLAKE,20.3,41.7,28/36,12.0,Exceeded Threshold - Exceeded FPI,NOV,1
ENERGY,28.5,46.0,31/46,12.5,Exceeded Threshold - Exceeded FPI,OCT,1
DONLON,3.58,2.49,31/46,1.28,,DEC,0
ZONE,2.8,1.55,31/46,6.24,,NOV,0
NAPOLEON,23.7,44.6,31/45,12.98,High Wind Trend - Exceeded FPI,DEC,1
GRAPEVINE,9.0,15.0,31/46,12.08,High Wind Trend - Exceeded FPI,NOV,1
PURCHASE,23.0,43.0,31/46,13.03,High Wind Trend - Exceeded FPI,NOV,1
SAND CANYON,3.76,3.58,31/46,5.08,,NOV,0
ANTON,25.2,40.4,31/46,12.5,High Wind Trend - Exceeded FPI,OCT,1
SAGINAW,4.44,5.8,24/40,0.75,,OCT,0
EASTER,23.5,37.9,29/41,12.97,High Wind Trend - Exceeded FPI,NOV,1
BING,31.7,46.3,31/45,12.0,Exceeded Threshold - Exceeded FPI,OCT,1
ARLENE,36.6,51.7,31/46,12.0,Exceeded Threshold - Exceeded FPI,DEC,1
ENERGY,33.3,45.7,31/46,12.2,Exceeded Threshold - Exceeded FPI,OCT,1
CONDOR,27.2,41.9,31/46,13.51,High Wind Trend - Exceeded FPI,DEC,1
ENERGY,1.47,4.98,31/46,2.2,,DEC,0
CUTHBERT,0.94,3.02,31/46,0.87,,DEC,0
ECHO,26.0,43.3,31/46,14.36,High Wind Trend - Exceeded FPI,DEC,1
SWEETWATER,1.15,0.45,31/46,2.5,,DEC,0
HAMPSHIRE,29.5,46.8,31/45,12.4,Exceeded Threshold - Exceeded FPI,OCT,1
TAIWAN,0.93,4.55,31/46,6.33,,OCT,0
MIDDLE ROAD,14.6,38.5,26/42,12.97,High Wind Trend - Exceeded FPI,DEC,1
DAVENPORT,28.1,45.0,31/46,14.54,High Wind Trend - Exceeded FPI,DEC,1
GUITAR,2.64,0.18,31/46,4.48,,NOV,0
GNATCATCHER,4.79,6.75,31/46,6.46,,NOV,0
NORTHPARK,27.0,48.2,31/46,13.9,Exceeded Threshold - Exceeded FPI,DEC,1
SAND CANYON,0.53,1.41,31/46,2.63,,NOV,0
ESTABAN,1.52,0.99,31/44.8,2.55,,OCT,0
RACER,2.42,7.5,31/46,3.59,,NOV,0
LANGER,29.5,46.8,31/45,12.4,Exceeded Threshold - Exceeded FPI,OCT,1
BELPAC,30.9,43.1,31/42,12.6,Exceeded Threshold - Exceeded FPI,OCT,1
BONNEVILLE,4.52,0.68,28/40,4.19,,NOV,0
TANAGER,1.99,4.51,30.67/44.07,5.09,,DEC,0
GLASSCOCK,5.66,5.9,31/45,2.2,,DEC,0
FORTUNE,30.0,51.4,31/45,12.0,Source Circuit De-Energized: Lauda,OCT,1
GRAPEVINE PEAK,32.0,40.0,31/46,12.07,Exceeded Threshold - Exceeded FPI,NOV,1
CLARINET,28.8,46.5,31/46,12.0,Exceeded Threshold - Exceeded FPI,DEC,1
HORSE,1.77,4.14,31/46,6.35,,DEC,0
GUNSITE,3.95,4.75,31/46,1.36,,DEC,0
ACOSTA,5.39,2.82,31/46,3.27,,OCT,0
MIDDLE ROAD,20.6,40.9,26/42,12.0,High Wind Trend - Exceeded FPI,NOV,1
CALSTATE,42.5,50.9,31/46,13.8,Exceeded Threshold - Exceeded FPI,DEC,1
TWIN LAKES,42.0,59.3,31/46,12.5,Exceeded Threshold - Exceeded FPI,OCT,1
CALSTATE,0.93,5.59,31/46,3.55,,DEC,0
METTLER,20.6,31.9,23/37,12.7,High Wind Trend - Exceeded FPI,OCT,1
SHOVEL,4.41,1.08,31/46,6.62,,DEC,0
BALCOM,28.1,46.6,31/46,12.0,High Wind Trend - Exceeded FPI,DEC,1
VERA CRUZ,4.96,2.31,28.04/42,5.92,,OCT,0
LOPEZ,3.28,5.28,31/46,5.51,,OCT,0
TWIN LAKES,1.84,4.31,31/46,1.21,,NOV,0
LOUCKS,4.31,3.11,31/46,2.45,,OCT,0
NAPOLEON,3.78,7.69,31/45,3.78,,NOV,0
MACIEL,3.73,1.3,28/42,5.65,,OCT,0
JULIUS,0.3,5.83,31/46,1.42,,OCT,0
BIG ROCK,39.7,59.3,31/46,13.9,Exceeded Threshold - Exceeded FPI,DEC,1
TAPO,17.1,42.7,31/46,13.03,High Wind Trend - Exceeded FPI,NOV,1
PASCAL,21.8,44.9,31/44,12.99,Exceeded Threshold - Exceeded FPI,NOV,1
LAUDA,1.62,4.24,31/45,2.83,,DEC,0
ACOSTA,2.99,5.69,31/46,3.76,,NOV,0
GRAPEVINE PEAK,42.0,55.0,31/46,12.0,High Wind Trend - Exceeded FPI,DEC,1
SADDLEBACK,25.6,47.8,31/46,12.07,Exceeded Threshold - Exceeded FPI,NOV,1
ATENTO,19.1,41.57,31/46,12.93,High Wind Trend - Exceeded FPI,NOV,1
CLUB OAKS,37.77,59.7,31 / 46,12.52,Exceeded Threshold - High Wind Trend - Exceeded FPI,OCT,1
BIG ROCK,2.22,0.24,31/46,1.59,,NOV,0
ICE HOUSE,4.34,5.62,31/46,0.07,,DEC,0
NORTHPARK,3.73,4.41,31/46,2.8,,OCT,0
NAPA,24.6,40.3,28/39,12.0,Exceeded Threshold - Exceeded FPI,DEC,1
TANAGER,3.52,1.22,31/44,1.08,,NOV,0
GREEN RIVER,5.19,1.29,31/40,0.59,,OCT,0
SHOVEL,4.22,4.92,25/40,0.85,,NOV,0
ROSA,32.1,49.9,31/46,12.1,Exceeded Threshold - Exceeded FPI,OCT,1
HONEYCRISP,2.36,3.81,29/42,5.29,,OCT,0
BIG ROCK,26.2,37.4,31/46,13.0,High Wind Trend - Exceeded FPI,NOV,1
TWIN LAKES,33.8,51.4,31/45,12.91,Exceeded Threshold - Exceeded FPI,DEC,1
PHEASANT,32.8,45.3,31/45,13.9,Exceeded Threshold - Exceeded FPI,DEC,1
RED BOX,54.0,79.0,31 / 46,14.11,Exceeded Threshold - High Wind Trend - Exceeded FPI,OCT,1
VARGAS,19.0,46.0,31/46,13.52,Exceeded Threshold - Exceeded FPI,OCT,1
FANO,3.52,7.57,28/40,0.56,,DEC,0
BING,1.34,1.25,31/45,6.71,,NOV,0
FINGAL,28.8,39.2,31/46,12.09,High Wind Trend - Exceeded FPI,DEC,1
FINGAL,4.8,0.04,31/46,3.76,,NOV,0
GUITAR,28.2,46.3,31/46,13.09,Exceeded Threshold - Exceeded FPI,NOV,1
ANTON,34.54,56.85,31 / 46,12.51,Exceeded Threshold - High Wind Trend - Exceeded FPI,OCT,1
ANTON,23.5,40.1,31/46,14.03,High Wind Trend - Exceeded FPI,NOV,1
SHOVEL,22.8,33.5,25/40,13.53,High Wind Trend - Exceeded FPI,DEC,1
CLARINET,30.4,47.79,31/46,12.0,Exceeded Threshold - Exceeded FPI,OCT,1
VIDEO,3.75,3.15,28/45,1.56,,OCT,0
CALGROVE,2.83,7.18,31/46,0.2,,OCT,0
BEAR VALLEY,8.94,29.88,18 / 29,13.24,Exceeded Threshold - High Wind Trend - Exceeded FPI,OCT,1
ESTABAN,4.0,0.41,26/38,6.98,,DEC,0
CUTHBERT,5.84,0.13,31/46,0.08,,OCT,0
DONLON,32.1,49.9,31/46,12.5,Exceeded Threshold - Exceeded FPI,OCT,1
IMPALA,29.7,55.2,31/46,12.5,Exceeded Threshold - Exceeded FPI,OCT,1
ENERGY,0.13,3.71,31/46,4.44,,NOV,0
SAND CANYON,1.83,2.54,31/46,2.89,,NOV,0
ZONE,4.69,7.84,31/46,4.53,,DEC,0
CALGROVE,30.1,46.9,31/46,12.7,Exceeded Threshold - Exceeded FPI,OCT,1
MACIEL,4.1,0.78,27.59/42.17,0.6,,OCT,0
NAPA,5.14,0.89,28/39,1.87,,DEC,0
NORTHPARK,3.1,4.52,31/46,4.96,,OCT,0
DARTMOUTH,3.78,1.55,31/45,6.86,,NOV,0
ECHO,1.52,1.57,31/46,0.85,,DEC,0
STEEL,4.03,4.07,30/43,5.11,,DEC,0
CALSTATE,3.28,0.97,31/46,0.97,,DEC,0
COBRA,32.1,45.5,31/42,13.47,Exceeded Threshold - Exceeded FPI,DEC,1
BLACKHILLS,4.69,0.89,31/46,0.55,,OCT,0
RACER,36.0,50.5,31/46,13.9,Exceeded Threshold - Exceeded FPI,DEC,1
GREEN RIVER,30.0,51.3,31/40,12.4,Exceeded Threshold - Exceeded FPI,OCT,1
DAVENPORT,24.3,39.82,31/46,12.82,High Wind Trend - Exceeded FPI,OCT,1
ECHO,29.5,44.7,31/46,13.7,High Wind Trend - Exceeded FPI,OCT,1
STEEL,1.2,2.54,30/43,5.49,,NOV,0
ARROWHEAD,51.3,64.7,40/58,12.38,Exceeded Threshold - Exceeded FPI,NOV,1
ENERGY,28.5,46.0,31/46,12.5,Exceeded Threshold - Exceeded FPI,OCT,1
TANAGER,27.8,46.8,30.67/44.07,12.0,Exceeded Threshold - Exceeded FPI,DEC,1
AVANTI,2.11,3.5,31/46,6.84,,OCT,0
FROZEN,19.0,24.0,31/46,12.7,Preemptive: To coordinate with PG&E resources,OCT,1
PHEASANT,30.2,41.7,31/45,13.03,High Wind Trend - Exceeded FPI,NOV,1
RED BOX,16.0,46.0,31/46,14.01,Exceeded Threshold - Exceeded FPI,SEP,1
TAIWAN,29.5,54.36,31 / 46,12.48,Exceeded Threshold - High Wind Trend - Exceeded FPI,OCT,1
GUITAR,31.1,42.2,31/46,12.66,Exceeded Threshold - Exceeded FPI,OCT,1
CONDOR,31.9,44.7,31/46,13.6,Exceeded Threshold - Exceeded FPI,DEC,1
LAUDA,30.0,51.4,31/45,12.0,Exceeded Threshold - Exceeded FPI,OCT,1
ACOSTA,4.48,5.12,31/46,1.7,,NOV,0
CABANA,1.43,2.0,31/46,4.18,,OCT,0
TWIN LAKES,4.77,3.73,31/45,0.87,,DEC,0
CAIN RANCH,28.8,56.2,31/46,13.18,Exceeded Threshold - Exceeded FPI,NOV,1
CABANA,34.4,49.5,31/46,12.8,Exceeded Threshold - Exceeded FPI,DEC,1
GNATCATCHER,26.11,35.3,31/46,12.75,High Wind Trend - Exceeded FPI,NOV,1
BIG ROCK,20.3,48.1,31/46,13.0,Exceeded Threshold - Exceeded FPI,NOV,1
SHOVEL,1.45,7.18,31/46,5.04,,OCT,0
MARCUS,4.53,3.89,31/46,3.54,,DEC,0
TUBA,29.6,55.2,31/46,12.5,Exceeded Threshold - Exceeded FPI,OCT,1
LAZARO,2.43,5.55,28/40,2.18,,NOV,0
ROUNDEL,5.41,5.04,31/44,6.68,,NOV,0
LOUCKS,0.65,5.14,31/46,5.77,,SEP,0
VARGAS,25.1,46.9,31/46,13.8,Exceeded Threshold - Exceeded FPI,DEC,1
CUTHBERT,30.0,39.3,31/46,12.5,High Wind Trend - Exceeded FPI,OCT,1
DAVENPORT,26.1,43.5,31/46,12.72,High Wind Trend - Exceeded FPI,OCT,1
SAGINAW,15.6,44.6,24/40,12.0,Exceeded Threshold - Exceeded FPI,OCT,1
BIG ROCK,4.38,3.2,31/46,3.41,,OCT,0
BUCKNER,28.7,54.6,31/45,12.4,Exceeded Threshold - Exceeded FPI,OCT,1
CANYONSHOVEL,28.93,52.46,25 / 40,12.56,Exceeded Threshold - High Wind Trend - Exceeded FPI,OCT,1
COOLER,,,31 / 46,12.45,Observed Hazard,OCT,1
EVERETT,5.81,3.24,31/46,3.21,,OCT,0
LOPEZ,19.2,41.2,31/46,14.06,High Wind Trend - Exceeded FPI,NOV,1
PYTHON,3.5,0.91,31/46,5.22,,OCT,0
GOWAN,5.87,2.47,31/46,0.81,,OCT,0
CALSTATE,37.6,56.3,31/46,12.5,Exceeded Threshold - Exceeded FPI,OCT,1
TIMBER CANYON,3.17,2.21,31/46,4.58,,OCT,0
ENERGY,30.9,51.2,31/46,13.9,Exceeded Threshold - Exceeded FPI,DEC,1
CUTHBERT,29.9,46.3,31/46,12.5,Exceeded Threshold - Exceeded FPI,OCT,1
VERA CRUZ,5.86,7.24,28/42,6.55,,OCT,0
CALGROVE,5.82,7.01,31/46,4.49,,OCT,0
SAND CANYON,5.76,5.26,31/46,1.78,,DEC,0
ENCHANTED,23.4,49.3,31/46,12.93,Exceeded Threshold - Exceeded FPI,DEC,1
TAPO,0.43,0.19,31/46,3.39,,OCT,0
MARCUS,5.79,0.2,31/46,3.96,,OCT,0
ANACONDA,22.19,40.33,31/42.4,12.61,High Wind Trend - Exceeded FPI,OCT,1
ZONE,2.06,1.13,31/46,4.26,,NOV,0
DAVENPORT,3.42,1.95,31/46,5.5,,NOV,0
BOOTLEGGER,22.4,44.6,31/46,13.01,High Wind Trend - Exceeded FPI,NOV,1
High Wind Trend TUFA,0.12,7.73,31/46,6.38,,NOV,0
TIMBER CANYON,3.83,7.69,31/46,5.13,,NOV,0
ARLENE,36.0,50.5,31/46,13.9,Exceeded Threshold - Exceeded FPI,DEC,1
ARLENE,29.8,43.7,31/46,12.6,High Wind Trend - Exceeded FPI,OCT,1
SHOVEL,22.8,31.9,25/40,12.18,High Wind Trend - Exceeded FPI,NOV,1
SANTORINI,5.75,6.49,31/42,1.06,,DEC,0
SOGGY,1.17,3.34,28/40,5.65,,NOV,0
GOLDSMITH,5.9,6.0,31/45,4.73,,OCT,0
MORGANSTEIN,3.93,6.41,31/46,1.12,,OCT,0
TOWNSHIP,4.75,0.49,31/45,1.76,,DEC,0
WHITECLIFF,4.52,7.88,31/46,3.78,,OCT,0
CABANA,2.7,6.3,31/46,1.23,,OCT,0
PINE COVE,2.27,3.28,27/44,0.1,,DEC,0
High Wind Trend CAMPANULA,30.7,40.3,31/46,12.52,Exceeded FPI,NOV,1
RACER,1.46,7.5,31/46,2.17,,DEC,0
AMETHYST,25.7,57.5,31/46,12.51,High Wind Trend - Exceeded FPI,NOV,1
SOGGY,28.2,42.8,28/40,12.01,Exceeded Threshold - Exceeded FPI,NOV,1
STORES,26.3,44.1,31/46,14.44,High Wind Trend - Exceeded FPI,DEC,1
ESTABAN,26.0,51.1,26/38,13.8,Exceeded Threshold - Exceeded FPI,DEC,1
BIRCHIM,31.5,51.7,31/46,12.0,Exceeded Threshold - Exceeded FPI,DEC,1
METTLER,25.1,37.5,31/46,13.14,High Wind Trend - Exceeded FPI,DEC,1
STAR ROCK,0.62,6.59,31/44,5.01,,OCT,0
ACOSTA,34.63,67.81,31 / 46,12.56,Exceeded Threshold - High Wind Trend - Exceeded FPI,OCT,1
TIMBER,22.4,43.7,31/46,12.96,High Wind Trend - Exceeded FPI,DEC,1
RAINBOW,28.1,46.6,31/46,12.95,High Wind Trend - Exceeded FPI,DEC,1
AMETHYST,25.7,57.5,31/46,12.87,Exceeded Threshold - Exceeded FPI,DEC,1
GABBERT,1.2,0.08,31/46,1.17,,NOV,0
DAVENPORT,5.8,4.5,31/46,2.12,,OCT,0
TWIN LAKES,4.31,1.49,31/45,3.29,,NOV,0
RMV 1243,2.63,2.88,31/46,4.69,,NOV,0
SAVORY,43.3,63.3,29/42,12.5,Exceeded Threshold - Exceeded FPI,OCT,1
STAR ROCK,4.09,7.06,31/44,4.53,,NOV,0
MIDDLE ROAD,4.39,5.79,26/42,4.68,,OCT,0
JULIUS,36.0,50.5,31/46,13.9,Exceeded Threshold - Exceeded FPI,DEC,1
CASSIDY,5.05,7.46,31/46,0.78,,OCT,0
TAPO,27.4,38.9,31/46,13.9,High Wind Trend - Exceeded FPI,DEC,1
HILLFIELD,31.4,48.8,31/46,12.6,Exceeded Threshold - Exceeded FPI,OCT,1
TWIN LAKES,1.18,1.48,31/45,0.73,,OCT,0
WOBEGONE,25.1,37.0,28/40,12.02,High Wind Trend - Exceeded FPI,NOV,1
FROZEN,32.0,40.0,31/46,13.08,Exceeded Threshold - Exceeded FPI,NOV,1
VARGAS,21.0,40.0,31/46,12.5,High Wind Trend - Exceeded FPI,OCT,1
SADDLEBACK,5.03,5.45,31/46,1.17,,DEC,0
ATENTO,5.69,4.46,31/46,1.72,,NOV,0
IMPALA,3.27,6.07,31/46,2.67,,OCT,0
SAND CANYON,5.78,1.98,31/46,3.15,,NOV,0
HONEYCRISP,29.6,46.2,29/42,12.8,Exceeded Threshold - Exceeded FPI,DEC,1
VETERANS,0.19,4.61,31/46,6.17,,OCT,0
CAMP BALDY,15.2,39.6,31/46,13.2,High Wind Trend - Exceeded FPI,DEC,1
ROUNDEL,26.7,41.1,31/44,14.04,High Wind Trend - Exceeded FPI,NOV,1
BLUE CUT,23.29,43.99,31/46,12.0,High Wind Trend - Exceeded FPI,NOV,1
TWIN LAKES,0.5,4.13,31/45,1.06,,DEC,0
DONLON,23.5,50.3,31/46,12.5,Exceeded Threshold - Exceeded FPI,OCT,1
DELUZ,27.1,42.5,27/44,10.98,High Wind Trend,NOV,1
CHAWA,27.0,44.4,31/46,13.52,High Wind Trend - Exceeded FPI,NOV,1
VARGAS,3.12,3.85,31/46,2.68,,DEC,0
GILLIBRAND,0.81,2.89,31/46,1.56,,DEC,0
STUBBY,5.38,6.19,31/46,3.65,,NOV,0
RAINBOW,2.68,5.66,31/46,6.41,,OCT,0
ENERGY,4.86,7.69,31/46,5.24,,OCT,0
ANTON,3.7,2.75,31/46,0.86,,OCT,0
BONNEVILLE,2.81,1.07,28/40,1.76,,NOV,0
SAND CANYON,22.5,44.9,31/46,12.7,High Wind Trend - Exceeded FPI,OCT,1
METTLER,4.43,3.87,23/37,3.23,,NOV,0
BIRCHIM,4.91,0.83,31/46,2.26,,DEC,0
TAPO,3.73,3.19,31/46,5.45,,OCT,0
PHEASANT,25.0,43.0,31/45,14.43,High Wind Trend - Exceeded FPI,DEC,1
MOCCASIN,3.94,2.31,31/46,2.69,,OCT,0
GOLDSMITH,29.5,46.8,31/45,13.1,Exceeded Threshold - Exceeded FPI,OCT,1
THACHER,12.6,45.3,29/46,13.92,High Wind Trend - Exceeded FPI,DEC,1
ANTON,0.28,5.71,31/46,4.84,,DEC,0
MOCCASIN,29.0,49.0,31/46,12.6,Exceeded Threshold - Exceeded FPI,OCT,1
ANTON,29.26,47.79,31/46,12.5,Exceeded Threshold - Exceeded FPI,OCT,1
GREEN RIVER,2.85,2.2,30.55/39.5,6.27,,OCT,0
REJADA,23.4,49.3,31/46,12.93,Exceeded Threshold - Exceeded FPI,DEC,1
TANAGER,27.6,38.7,31/44,12.0,High Wind Trend - Exceeded FPI,NOV,1
TAIWAN,32.18,61.74,31 / 46,12.48,Exceeded Threshold - High Wind Trend - Exceeded FPI,OCT,1
SAND CANYON,5.1,6.29,31/46,3.38,,DEC,0
Met Threshold CAMPANULA,2.17,4.65,31/46,1.36,,NOV,0
BLUE CUT,2.52,3.01,31/46,4.84,,NOV,0
TWIN LAKES,27.3,49.3,31/45,12.99,Exceeded Threshold - Exceeded FPI,NOV,1
DAVENPORT,23.61,43.99,31/46,12.11,High Wind Trend - Exceeded FPI,NOV,1
BEAR VALLEY,13.48,29.0,18 / 29,13.24,Exceeded Threshold - High Wind Trend - Exceeded FPI,OCT,1
OAK GLEN,15.1,42.6,27/41,13.35,Exceeded Threshold - Exceeded FPI,DEC,1
GUNSITE,28.3,42.0,31/46,13.14,High Wind Trend - Exceeded FPI,NOV,1
CONDOR,4.2,2.23,31/46,0.38,,DEC,0
JORDAN,21.2,46.8,27/46,12.98,Exceeded Threshold - Exceeded FPI,NOV,1
ENERGY,2.32,3.89,31/46,5.37,,OCT,0
SAND CANYON,1.85,3.57,31/46,5.42,,OCT,0
EVERETT,31.7,61.2,31/46,12.1,Exceeded Threshold - Exceeded FPI,OCT,1
ICEHOUSE,17.02,45.52,31/46,12.0,High Wind Trend - Exceeded FPI,NOV,1
CONDOR,27.2,41.9,31/46,13.51,High Wind Trend - Exceeded FPI,DEC,1
SAND,64.87,96.2,31 / 46,12.58,Exceeded Threshold - High Wind Trend - Exceeded FPI,OCT,1
PASCAL,4.99,7.76,31/44,3.31,,DEC,0
NORTHPARK,32.0,52.0,31/46,12.5,Exceeded Threshold - Exceeded FPI,OCT,1
JEEP,26.98,40.92,27 / 43,12.26,Exceeded Threshold - High Wind Trend - Exceeded FPI,OCT,1
IMPALA,1.71,5.9,31/46,4.91,,OCT,0
NORTHPARK,26.1,46.0,31/46,13.9,Exceeded Threshold - Exceeded FPI,DEC,1
METTLER,22.1,33.6,23/37,12.15,High Wind Trend - Exceeded FPI,NOV,1
BELPAC,31.96,43.91,31/42.42,12.0,Exceeded Threshold - Exceeded FPI,OCT,1
ERRINGER,4.89,6.03,31/45,2.23,,OCT,0
NORTHPARK,2.98,0.61,31/46,0.29,,DEC,0
TAPO,4.71,7.37,31/46,1.17,,NOV,0
ICEHOUSE,3.54,5.94,31/46,3.24,,NOV,0
LOPEZ,19.88,54.43,31 / 46,12.55,Exceeded Threshold - High Wind Trend - Exceeded FPI,OCT,1
TAPO,19.3,41.72,31/46,12.64,High Wind Trend - Exceeded FPI,OCT,1
BUCKHORN,17.7,46.47,31/46,12.49,Exceeded Threshold - Exceeded FPI,OCT,1
RED BOX,5.36,1.31,31/46,0.89,,NOV,0
VERDEMONT,1.98,3.46,31/46,5.82,,OCT,0
SADDLEBACK,4.35,5.78,31/46,0.34,,NOV,0
ANTON,21.4,42.5,31/46,13.9,High Wind Trend - Exceeded FPI,DEC,1
BOOTLEGGER,2.77,1.13,31/46,1.47,,OCT,0
CONDOR,5.86,5.89,31/46,5.36,,OCT,0
RACER,36.6,51.7,31/46,12.0,Exceeded Threshold - Exceeded FPI,DEC,1
STEEL,27.1,42.3,30/43,12.94,High Wind Trend - Exceeded FPI,DEC,1
RED BOX,2.23,4.3,31/46,2.15,,DEC,0
PARINA,16.8,38.3,28/36,12.0,Exceeded Threshold - Exceeded FPI,DEC,1
METTLER,2.05,1.35,23/37,3.25,,DEC,0
RAINBOW,4.62,2.26,31/46,3.25,,DEC,0
SAVORY,19.2,40.5,29/42,12.93,High Wind Trend - Exceeded FPI,DEC,1
TAGGERT,4.07,5.74,31/46,1.79,,DEC,0
HILLFIELD,3.16,0.0,31/46,2.21,,OCT,0
ESTABAN,28.2,51.8,31/45,13.4,Exceeded Threshold - Exceeded FPI,OCT,1
ESTABAN,4.51,3.05,31/45,5.14,,DEC,0
GLASSCOCK,25.1,41.7,31/45,12.92,High Wind Trend - Exceeded FPI,DEC,1
CABANA,46.5,63.64,31 / 46,12.57,Exceeded FPI,OCT,1
TAHQUITZ,0.32,5.15,31/46,7.0,,NOV,0
BLACKHILLS,3.26,5.48,31/46,1.89,,OCT,0
DE MILLE,17.8,36.9,31/46,12.91,High Wind Trend - Exceeded FPI,DEC,1
CANYONSAND,5.16,3.92,31/46,1.0,,OCT,0
SHOVEL,23.6,44.0,25/40,12.12,High Wind Trend - Exceeded FPI,NOV,1
CONDOR,22.8,44.4,31/46,13.1,High Wind Trend - Exceeded FPI,OCT,1
ZENDA,23.5,44.1,31/46,13.54,High Wind Trend - Exceeded FPI,DEC,1
SAND CANYON,0.94,7.35,31/46,4.16,,DEC,0
CASTRO,4.21,1.27,30/46,0.31,,DEC,0
VIENTO,0.11,7.12,31/46,5.32,,NOV,0
DAVENPORT,31.6,50.1,31/46,12.8,Exceeded Threshold - Exceeded FPI,OCT,1
VETERANS,13.1,44.9,31/46,14.01,High Wind Trend - Exceeded FPI,NOV,1
PYLE,5.06,2.54,28/44,5.11,,NOV,0
CLUB OAKS,29.7,44.4,31/46,13.0,High Wind Trend - Exceeded FPI,DEC,1
VERDEMONT,37.7,56.9,31/46,12.5,Exceeded Threshold - Exceeded FPI,OCT,1
ACCENT,1.44,6.31,27/38,6.25,,OCT,0
DUKE,26.9,40.6,30/46,13.04,High Wind Trend - Exceeded FPI,NOV,1
ZONE,24.5,44.6,31/46,13.01,High Wind Trend - Exceeded FPI,NOV,1
DAVENPORT,0.96,3.22,31/46,2.82,,OCT,0
GNATCATCHER,21.41,42.45,31/46,13.1,High Wind Trend - Exceeded FPI,OCT,1
CANEBRAKE,29.5,47.9,31 / 46,12.23,Exceeded Threshold - High Wind Trend - Exceeded FPI,OCT,1
GNATCATCHER,0.8,0.89,31/46,5.73,,DEC,0
PATRICIA,16.7,45.4,31/46,12.0,High Wind Trend - Exceeded FPI,DEC,1
ESTABAN,2.69,1.48,31/45,4.32,,NOV,0
CUDDEBACK,19.2,31.6,23/37,12.15,High Wind Trend - Exceeded FPI,NOV,1
RICARDO,0.18,3.37,31/46,6.1,,DEC,0
BOOTLEGGER,2.84,3.23,31/46,4.84,,NOV,0
WHITECLIFF,34.2,48.0,31/46,12.42,Exceeded Threshold - Exceeded FPI,OCT,1
AMETHYST,30.94,51.0,31 / 46,12.55,Exceeded Threshold - High Wind Trend - Exceeded FPI,OCT,1
FINGAL,4.76,0.75,31/46,4.85,,NOV,0
GILMAN,2.07,1.26,31/45,6.72,,OCT,0
BIG ROCK,29.8,43.3,31/46,12.0,High Wind Trend - Exceeded FPI,NOV,1
SAUNDERS,3.84,0.16,27/44,6.31,,DEC,0
ANTON,2.11,5.82,31/46,5.58,,OCT,0
TAGGERT,34.6,49.0,31/46,12.32,Exceeded Threshold - Exceeded FPI,DEC,1
METTLER,0.69,5.46,23/37,2.67,,NOV,0
FERRARA,5.31,1.93,31/46,6.18,,NOV,0
GNATCATCHER,4.0,2.94,31/46,5.71,,OCT,0
IMPALA,25.7,57.4,31/46,12.78,Exceeded Threshold - Exceeded FPI,DEC,1
FORTUNE,1.75,2.92,31/45,6.13,,OCT,0
SAVORY,4.39,0.21,29/42,2.25,,OCT,0
RAINBOW,26.5,34.7,31/46,13.01,High Wind Trend - Exceeded FPI,NOV,1
GRAPEVINE PEAK,19.0,24.0,31/46,12.7,Preemptive: To coordinate with PG&E resources,OCT,1
LOPEZ,1.16,1.72,31/46,1.04,,OCT,0
